id,start,end,type,original,ja,shorts,old,new
22,0:01:04,0:01:13,connector_gap_risk,"Uh I do try to play a range of brawlers because I do want to know them all pretty well, but lately I've been playing a lot of the Buffied brawlers, and I've been really enjoying Colt specifically.",いろんなキャラを触るようにしているけど、最近はバフィー付きのキャラをよく使っていて、特にコルトが楽しいよ。,いろんなキャラを触るようにしているけど、 / 最近はバフィー付きのキャラをよく使っていて、 / 特にコルトが楽しいよ。,,
39,0:01:54,0:01:59,connector_gap_risk,"moment, I was just going to say at the moment I think it's probably Colette, just because of the skill ceiling that Colette has.",今ならたぶんコレットかな。コレットは上達の幅がかなり大きいからね。,今ならたぶんコレットかな。 / コレットは上達の幅がかなり大きいからね。,,
68,0:03:59,0:04:07,connector_gap_risk,"Yeah, it's so satisfying, you know, when you actually manage to to make a hit and then you take one of these uh bubbles and then you actually can do another hit.",うん、攻撃を当てて、バブルを取って、そこからもう一回攻撃できると本当に気持ちいいんだよね。,うん、攻撃を当てて、バブルを取って、 / そこからもう一回攻撃できると本当に気持ちいいんだよね。,,
77,0:04:28,0:04:36,connector_gap_risk,And I'm like the criteria is pretty much upvotes or things that are like I know this a trend topic or anything.,基準はだいたい、賛成票が多いものや話題になっているものだね。,基準はだいたい、賛成票が多いものや話題になっているものだね。,,
78,0:04:36,0:04:42,"connector_gap_risk,likely_undertranslated",But there is like some random stuff so like there is uh things that are like maybe people didn't upvote but I thought it would be interesting as well.,でも、票は多くなくても面白そうだと思ったものも入れているよ。,でも、票は多くなくても面白そうだと思ったものも入れているよ。,,
104,0:05:53,0:06:01,connector_gap_risk,"Like whenever we release a new layer progression, we do expect that the initial reception is going to be negative and that's like completely understandable.",新しい育成要素を出す時、最初の反応が悪くなるのはある程度予想しているよ。,新しい育成要素を出す時、最初の反応が悪くなるのはある程度予想しているよ。,,
122,0:06:44,0:06:47,connector_gap_risk,"So, let's let's start with that.",そこから始めよう。,そこから始めよう。,,
153,0:08:04,0:08:07,connector_gap_risk,"And so, we're kind of tracking like, okay, what's the net impact of this, right?",だから、その差し引きの影響を見ているんだ。,だから、その差し引きの影響を見ているんだ。,,
159,0:08:24,0:08:30,connector_gap_risk,"Now, that being said, there's a lot of areas that we still want to improve on, and we're going to be deep diving into that.",改善したい部分はまだたくさんあるから、そこはこれから深掘りしていくよ。,改善したい部分はまだたくさんあるから、 / そこはこれから深掘りしていくよ。,,
163,0:08:47,0:08:57,connector_gap_risk,"But I guess like to summarize is like uh, I think it we even had a meeting the other day to discuss the sentiment, and we said like the right thing we did is that Buffies are desirable.",要約すると、先日も反応について話し合って、バフィーを欲しいと思えるものにできたのは正しかったよね、という話になった。,要約すると、先日も反応について話し合って、 / バフィーを欲しいと思えるものにできたのは正しかったよね、 / という話になった。,,
170,0:09:15,0:09:21,connector_gap_risk,"And now we have to address the other part, which is like the cost, the ways to get it, and then we go down into that later.",そして今度は別の部分、つまりコスト、入手方法、そのあたりに向き合う必要がある。,そして今度は別の部分、つまりコスト、 / 入手方法、そのあたりに向き合う必要がある。,,
172,0:09:23,0:09:38,connector_gap_risk,"Just I think I think that's really important what you said about that you want them, because I think that's one of the big learnings we took, for example, when we did Gears, is that was one of the things like they weren't like visceral enough, they weren't desirable enough, and then the whole thing kind of lands poorly.",今の「欲しいと思えるものにしたい」って話はすごく大事だと思う。ギアの時に学んだ大きなことのひとつが、手応えや欲しさが足りないと、全体の受け止められ方が悪くなるということだったんだ。,今の「欲しいと思えるものにしたい」って話はすごく大事だと思う。 / ギアの時に学んだ大きなことのひとつが、 / 手応えや欲しさが足りないと、全体の受け止められ方が悪くなるということだったんだ。,,
193,0:10:28,0:10:34,connector_gap_risk,"Um and so long-term, like what we want to do in Brawl Stars is we want to add cool new features.",長期的にブロスタでやりたいのは、面白い新機能を追加することなんだ。,長期的にブロスタでやりたいのは、面白い新機能を追加することなんだ。,,
215,0:12:09,0:12:38,connector_gap_risk,"So, so I yeah, like only because of that I I do feel like they they are bringing something more than what other items were bringing and and I think we are just starting to see the potential of that in terms of um Okay, like when artists are creating the the Buffies like they are also imagining what's the relationship between the brawler and the buffy, not in a, you know, mechanical way, more like in a story way, in lower way.",だからこそ、バフィーはこれまでのアイテム以上のものを持ってきていると感じているよ。しかもその可能性は、まだ見え始めたばかりなんだ。アーティストがバフィーを作る時も、キャラとバフィーの関係性を、性能面だけじゃなくて、物語や世界観の面から考えているんだよ。,だからこそ、バフィーはこれまでのアイテム以上のものを持ってきていると感じているよ。 / しかもその可能性は、まだ見え始めたばかりなんだ。 / アーティストがバフィーを作る時も、キャラとバフィーの関係性を、 / 性能面だけじゃなくて、物語や世界観の面から考えているんだよ。,,
226,0:13:39,0:13:49,connector_gap_risk,Um then the next question is unrelated but to Buffies but he's asking about what are you guys planning on to make a pig?,次の質問はバフィーとは直接関係ないけど、メガピッグについてだね。,次の質問はバフィーとは直接関係ないけど、 / メガピッグについてだね。,,
255,0:16:00,0:16:16,"connector_gap_risk,likely_undertranslated","I think it No, I just was reflecting on something that is maybe not even not helping at the moment uh the Mega Pig, which is like when we release it, um it was a very unique um like gacha experience in terms of the the the experience to actually open a Pig.",メガピッグを出した時は、ピッグを開ける体験自体がかなりユニークだったんだ。,メガピッグを出した時は、ピッグを開ける体験自体がかなりユニークだったんだ。,,
260,0:16:23,0:16:33,connector_gap_risk,"But after all what we have done recently, like we have Sushi, we have Chaos Drops, uh all the different boxes, in a way now just the Pig is not so unique anymore.",でも最近は寿司やカオスドロップ、いろんなボックスをやったから、ピッグだけが特別ではなくなっている。,でも最近は寿司やカオスドロップ、いろんなボックスをやったから、 / ピッグだけが特別ではなくなっている。,,
266,0:16:39,0:16:42,connector_gap_risk,"And whenever we make a decision, it's with that in mind.",それを念頭に置いている。,それを念頭に置いている。,,
270,0:16:59,0:17:04,"connector_gap_risk,likely_undertranslated","And so I think with Club League, that at just our drops, you can really clearly see the impact of that.",その影響はかなりはっきり見える。,その影響はかなりはっきり見える。,,
281,0:17:37,0:17:43,"connector_gap_risk,likely_undertranslated","So, this might be a little bit surprising to some of you, but we are also not happy with records.",僕たちもレコードには満足していない。,僕たちもレコードには満足していない。,,
289,0:18:02,0:18:15,connector_gap_risk,"Um, with the masteries to records situation, like, I think what happened is we basically went from a not very performance system, which is masteries, a very popular, for sure, but not very performance, to an even less popular [laughter]",マスタリーからレコードへの流れでは、人気はあるけど指標が弱い仕組みから、さらに人気の弱い仕組みに移ってしまった。,マスタリーからレコードへの流れでは、人気はあるけど指標が弱い仕組みから、 / さらに人気の弱い仕組みに移ってしまった。,,
294,0:18:22,0:18:23,connector_gap_risk,"Oh yeah, sure, let's do that, yeah.",ああ、そうしよう。,ああ、そうしよう。,,
299,0:18:27,0:18:31,"connector_gap_risk,likely_undertranslated","So actually, another thing, uh, we skipped some really hard questions, and we're going to come back to them.",実は、かなり難しい質問をいくつか飛ばしたんだ。,実は、かなり難しい質問をいくつか飛ばしたんだ。,,
311,0:18:55,0:19:06,"connector_gap_risk,likely_undertranslated","Um, so, at the time the game was on a decline, and we were hoping that the masteries would help to kind of recover play time, and recover daily active users, kind of make the game more exciting to grind again.",当時ゲームは下降気味で、マスタリーでプレイ時間やDAUを戻せることを期待していた。,当時ゲームは下降気味で、マスタリーでプレイ時間やDAUを戻せることを期待していた。,,
341,0:20:25,0:20:35,connector_gap_risk,we have a system that basically is beloved by the vocal community but doesn't really do anything for the wider audience and we are locking again a lot of rewards behind it.,声の大きいコミュニティには愛されているけど、広い層にはあまり効いていない仕組みだったんだ。,声の大きいコミュニティには愛されているけど、 / 広い層にはあまり効いていない仕組みだったんだ。,,
345,0:20:49,0:20:58,"connector_gap_risk,likely_undertranslated","There was one thing though that you want to No, I just remember in like uh that time when we released masteries, we also released close to it um catalog.",ただ、その時期に思い出したことがひとつある。,ただ、その時期に思い出したことがひとつある。,,
349,0:21:11,0:21:15,connector_gap_risk,"To be fair, after release blink which was also praised and also didn't move numbers.",評価は高かったのに数字は動かなかった。,評価は高かったのに数字は動かなかった。,,
351,0:21:19,0:21:30,"connector_gap_risk,likely_undertranslated","Ah We We We wanted to buff the trophy road and that was like where can you get more resources because of course we don't want to double this the resources from like one day to another, right?",トロフィーロードを強化したかったけど、リソースを一気に倍にするわけにはいかなかった。,トロフィーロードを強化したかったけど、 / リソースを一気に倍にするわけにはいかなかった。,,
354,0:21:36,0:21:54,"connector_gap_risk,likely_undertranslated","It's like it was pretty much the same um ah like concept of like why did we kill club league and then had mega pig is ah actually star drops in that case is just to democratize these rewards and then more people have access to that which actually trophy road had a good bump in early retention, right?",メガピッグにしたのか、実際にはその場合スタードロップだけど、それとかなり同じ考え方だった、報酬を民主化して。,メガピッグにしたのか、実際にはその場合スタードロップだけど、 / それとかなり同じ考え方だった、報酬を民主化して。,,
363,0:22:13,0:22:24,connector_gap_risk,Um you know we had this masteries community event and we hoped that that would take a lot of the sting away when we were did the transition and it turned out that it didn't.,マスタリーのコミュニティイベントで移行の痛みを和らげられると思っていたけど、実際はそうならなかった。,マスタリーのコミュニティイベントで移行の痛みを和らげられると思っていたけど、 / 実際はそうならなかった。,,
367,0:22:27,0:22:40,"connector_gap_risk,likely_undertranslated","I think I was actually very good point because like ah I think like when we every time we do a community event, what we do like we of course we we add more resources and what we want as a payoff is like more players coming.",コミュニティイベントではリソースを追加して、その見返りとしてより多くのプレイヤーに来てほしいんだ。,コミュニティイベントではリソースを追加して、 / その見返りとしてより多くのプレイヤーに来てほしいんだ。,,
369,0:22:47,0:22:54,connector_gap_risk,Like there's some events that didn't work so much like the brawlentines and I think that was the only one that didn't perform so much.,ブロウレンタインはたぶんその中で唯一あまり伸びなかったものだったと思う。,ブロウレンタインはたぶんその中で唯一あまり伸びなかったものだったと思う。,,
376,0:23:14,0:23:21,connector_gap_risk,And then but I think it also shows like that like because one of the hypothesis could be like ah why didn't you improve the mastery system?,それは「なぜマスタリーを改善しなかったの？」という疑問にもつながると思う。,それは「なぜマスタリーを改善しなかったの？」という疑問にもつながると思う。,,
380,0:23:28,0:23:37,"connector_gap_risk,likely_undertranslated",Like you can see like it was I think it was a mistake in that sense that like ah it didn't perform like we just put the the resources and didn't get anything back.,リソースを入れたのに、何も返ってこなかったからね。,リソースを入れたのに、何も返ってこなかったからね。,,
388,0:23:55,0:24:00,connector_gap_risk,"Cuz there's so many inputs, there's so much data that we get and it's all pointing in different directions, right?",入力もデータも多すぎて、それぞれが別の方向を指している。,入力もデータも多すぎて、それぞれが別の方向を指している。,,
392,0:24:04,0:24:16,connector_gap_risk,"However, there was one thing that actually it did hurt us is that content creators like influencers or like pro players or people who had could create content they were using masteries as a a source of like novelty, right?",ただ実際に痛手だったのは、クリエイターやプロがマスタリーを新鮮なコンテンツとして使っていたことなんだ。,ただ実際に痛手だったのは、クリエイターやプロがマスタリーを新鮮なコンテンツとして使っていたことなんだ。,,
393,0:24:16,0:24:25,"connector_gap_risk,likely_undertranslated","So every time there's a brawler, there is a new source of content that you can do and that we actually like didn't take into account and it just chopped because records didn't ah replace that.",そこを僕たちは十分に考慮できていなくて、レコードではそれを置き換えられなかった。,そこを僕たちは十分に考慮できていなくて、 / レコードではそれを置き換えられなかった。,,
406,0:24:50,0:24:56,likely_undertranslated,"Okay, it's a little sneak peek as to what's coming next update and I don't think we're going to say anything about it.",次のアップデートで来るものの、ちょっとした先出しだよ。,次のアップデートで来るものの、ちょっとした先出しだよ。,,
412,0:25:07,0:25:27,"connector_gap_risk,likely_undertranslated","I was the one in a way proposing the direction for this and then I just wanted to to kudos to gamer 007 our once been fan artist and now official pin artist who has been working for us for for years now, Shira.",この方向性を提案したのは僕で、Gamer007にも大きな感謝を伝えたい。,この方向性を提案したのは僕で、Gamer007にも大きな感謝を伝えたい。,,
413,0:25:27,0:25:34,likely_undertranslated,He was the one who created this like neon pins that became very popular in the community like years ago.,彼が、何年も前にコミュニティで大人気になった,彼が、何年も前にコミュニティで大人気になった,,
430,0:26:37,0:26:48,"connector_gap_risk,likely_undertranslated",So I think one of the issues we've had in the previous years even is that there's no set cadence for balance changes and that's something we want to rectify.,ここ数年の問題の1つは、バランス調整の決まった頻度がなかったことだと思う。,ここ数年の問題の1つは、バランス調整の決まった頻度がなかったことだと思う。,,
436,0:27:11,0:27:19,connector_gap_risk,"So the long story short is yes, hopefully we can make a set schedule so you can always expect when to receive balance changes.",短く言うと、決まったスケジュールでバランス調整を期待できる形にしたい。,短く言うと、決まったスケジュールでバランス調整を期待できる形にしたい。,,
437,0:27:19,0:27:28,"connector_gap_risk,likely_undertranslated",And the second part of that is we also need to improve our internal systems to make it easier for us to make balance changes because right now to make balance changes we have to have a maintenance.,もう1つは、バランス調整をしやすくするために内部システムを改善する必要があることだね。,もう1つは、バランス調整をしやすくするために内部システムを改善する必要があることだね。,,
440,0:27:33,0:27:39,connector_gap_risk,So we want to try to reduce the amount of maintenance that we have but of course we still want to make the balance changes as soon as we can.,でももちろん、バランス調整はできるだけ早く入れたい、そこは引っ張り合いだけど。,でももちろん、バランス調整はできるだけ早く入れたい、 / そこは引っ張り合いだけど。,,
441,0:27:39,0:27:47,"connector_gap_risk,likely_undertranslated",So it's a bit of a push and pull but regardless it should be much more transparent in the future when balance changes are coming and what they will be and also on a more set cadence.,もっと決まった頻度で出せるようにしたい。,もっと決まった頻度で出せるようにしたい。,,
442,0:27:47,0:28:03,"connector_gap_risk,likely_undertranslated","Yeah, and I think interesting to that cuz like I don't know if you have noticed but some bugs are fixed magically without maintenance and that's because like there is a new tech that like it's it fixed the bugs per server battle site which means that it's not the same it's not for everyone at the same time, right?",それは新しい技術があって、サーバー側のバトル単位でバグを直せるからなんだ。,それは新しい技術があって、サーバー側のバトル単位でバグを直せるからなんだ。,,
447,0:28:11,0:28:23,"connector_gap_risk,likely_undertranslated","But yes, like we want to explore some tech on how to make it And I guess a small caveat to this still from my side is is when we see something that is completely off we do try to react straight away no matter when it is in the cadence, right?",何かが完全におかしいと分かった場合は、頻度やスケジュールに関係なくすぐ反応しようとしている。,何かが完全におかしいと分かった場合は、頻度やスケジュールに関係なくすぐ反応しようとしている。,,
456,0:28:49,0:29:08,"connector_gap_risk,likely_undertranslated","P, but the idea with Buffy specifically is actually to give us ourselves the time to go back to a lot of these brawlers, look at the parts of their gameplay, and figure out what do we feel still makes sense, what doesn't make sense, and how can we improve the experience while not sacrificing the fantasy of the brawler.",バフィーでは、多くのキャラに立ち戻って、ゲームプレイのどこが今も合っていて、どこを直せるか見直す時間を作りたいんだ。,バフィーでは、多くのキャラに立ち戻って、 / ゲームプレイのどこが今も合っていて、 / どこを直せるか見直す時間を作りたいんだ。,,
472,0:29:36,0:29:41,connector_gap_risk,"But in order to keep brawl growing, like that's always our mission, we need to have eventfulness, right?",ブロスタを成長させ続けるには、イベント感が必要なんだ。,ブロスタを成長させ続けるには、イベント感が必要なんだ。,,
492,0:30:29,0:30:32,connector_gap_risk,"And it's something that we also like have conversations about on the team all the time, right?",これはチーム内でもずっと話しているテーマなんだ。,これはチーム内でもずっと話しているテーマなんだ。,,
504,0:31:03,0:31:14,"connector_gap_risk,likely_undertranslated","It was all looking super strong until our retention started dropping, and it kept dropping, and it kept dropping, and the like if we had not reversed that decision, Brawl Stars might not even be around anymore.",リテンションが下がり始めるまではすごく強く見えていたけど、その後ずっと下がり続けたんだ。,リテンションが下がり始めるまではすごく強く見えていたけど、 / その後ずっと下がり続けたんだ。,,
510,0:31:21,0:31:39,"connector_gap_risk,likely_undertranslated","Do you have any like thoughts on Yeah, I think I think we we've obviously looked into this a lot, and I think fundamentally, when there is nothing surprising about the game, when you cannot open the game and feel surprised or feel excited, that kind of defeats a lot of the purpose and a lot of the chase, right?",ゲームに驚きが何もないと、ワクワクして追いかける意味がかなり薄れてしまうんだ。,ゲームに驚きが何もないと、ワクワクして追いかける意味がかなり薄れてしまうんだ。,,
512,0:31:48,0:32:01,"connector_gap_risk,likely_undertranslated","Most of the time, even though, let's say, the value is the same, I don't think it's exactly the same, but more or less, then most of the time, that star drop will feel more exciting because you remember, of course, the times where it's like, oh, I could get a brawler from this or something else cool.",価値が同じくらいでも、スタードロップの方がワクワクすることは多い。キャラや何かクールなものが出るかも、という記憶があるからね。,価値が同じくらいでも、スタードロップの方がワクワクすることは多い。 / キャラや何かクールなものが出るかも、という記憶があるからね。,,
513,0:32:01,0:32:02,connector_gap_risk,"Um, and that's just the reality of the situation.",それが今の現実なんだ。,それが今の現実なんだ。,,
514,0:32:02,0:32:16,"connector_gap_risk,likely_undertranslated","Along with that though, I think I want to point out that when we brought boxes back, basically, we did also keep the star road, basically, intact, and the kind of rewards that you can anticipate cuz I think that's an [clears throat]",スターロードは基本的にそのまま残したということは強調したい。,スターロードは基本的にそのまま残したということは強調したい。,,
516,0:32:17,0:32:31,"connector_gap_risk,likely_undertranslated","I think I think the actual ideal is closer where we are right now, where you have the exciting randomness factor, but you also know that, oh, I'm going to get this brawler in maximum this long, or I can reach a buffy in this long, or whatever you're chasing, essentially.",今の理想は、ワクワクするランダム性がありつつ、最大どれくらいで欲しいものに届くかも分かる状態だと思う。,今の理想は、ワクワクするランダム性がありつつ、 / 最大どれくらいで欲しいものに届くかも分かる状態だと思う。,,
520,0:32:38,0:32:49,"connector_gap_risk,likely_undertranslated","And Yeah, something that dimension that we have been talking recently is like now that we have many different ways of RNG, you know, like different containers, like different gadgets.",いろいろな入れ物、いろいろなランダム報酬体験がある。,いろいろな入れ物、いろいろなランダム報酬体験がある。,,
521,0:32:49,0:32:59,"connector_gap_risk,likely_undertranslated","We need We need to start getting better in terms of to make them feel different, not only in the UX of it, but in the actual rewards that are contained in it.",UXだけでなく中身の報酬でも、それぞれ違うと感じられるようにしていく必要がある。,UXだけでなく中身の報酬 / でも、それぞれ違うと感じられるようにしていく必要がある。,,
522,0:32:59,0:33:11,"connector_gap_risk,likely_undertranslated","And And once we get that sorted, it's going to feel even better when you actually open one of those that you have haven't opened in a while because you know, like oh, this is where I can get this thing that I cannot get in the others.",そこを整理できれば、久しぶりに開ける報酬ももっと気持ちよくなるはずだよ。,そこを整理できれば、久しぶりに開ける報酬ももっと気持ちよくなるはずだよ。,,
526,0:33:18,0:33:29,connector_gap_risk,"So, I mean, there are lots of reasons, like it's a very complex topic, but I think one that's often not talked about very much is that um RNG gets you out of your comfort zone.",理由はいろいろあるけど、あまり話されない点として、ランダム性はいつもの範囲から出るきっかけになるんだ。,理由はいろいろあるけど、あまり話されない点として、 / ランダム性はいつもの範囲から出るきっかけになるんだ。,,
535,0:33:53,0:33:59,connector_gap_risk,"But now that I have all three Buffies, I figure, well, it's actually not that much more if I just get him to power 11.",でも3つのバフィーを持った今なら、パワー11まで上げてもいいかなと思える。,でも3つのバフィーを持った今なら、 / パワー11まで上げてもいいかなと思える。,,
582,0:35:58,0:36:00,connector_gap_risk,"Uh and then one other thing, and this is a big one.",それからもう1つ、大きなものがある。,それからもう1つ、大きなものがある。,,
589,0:36:11,0:36:15,connector_gap_risk,"Uh yeah, so yeah, those those are kind of our our like short-term plans.",そういうのが短期的な計画だね。,そういうのが短期的な計画だね。,,
594,0:36:26,0:36:33,"connector_gap_risk,likely_undertranslated","Okay, so just before we go to the next uh social media uh uh questions, uh we have a lot of graphs that we didn't use.",次のSNS質問に行く前に、使っていないグラフがたくさんあるんだ。,次のSNS質問に行く前に、使っていないグラフがたくさんあるんだ。,,
612,0:37:26,0:37:30,"connector_gap_risk,likely_undertranslated","Um if we don't buff the economy, the game can kind of feel kind of flat, you know?",どこか平坦に感じられてしまう。,どこか平坦に感じられてしまう。,,
614,0:37:35,0:37:51,"connector_gap_risk,likely_undertranslated","Um now, I do think that there is kind of like a perception issue right now, um which is that like we buffed the the economy in a bunch of ways like daily play is giving you more than twice the rewards, mega quests, we buffed the free side of the brawl pass, we buffed trophy road.",デイリープレイ報酬を2倍以上にしたし、メガクエスト、無料側のブロスタパス、トロフィーロードも強化した。,デイリープレイ報酬を2倍以上にしたし、 / メガクエスト、無料側のブロスタパス、 / トロフィーロードも強化した。,,
615,0:37:51,0:37:54,connector_gap_risk,"But all of that can feel kind of intangible, right?",でもそれらは少し実感しにくい。,でもそれらは少し実感しにくい。,,
618,0:37:59,0:38:09,"connector_gap_risk,likely_undertranslated","Um and so I guess we kind of wanted to give you this context as like um you know, if you've noticed that like just sort of like everyday brawl play is feeling better, like it's it's actually cuz of this.",最近ふだんのブロスタプレイが少し良くなったと感じるなら、実はこの調整のおかげなんだ。,最近ふだんのブロスタプレイが少し良くなったと感じるなら、 / 実はこの調整のおかげなんだ。,,
621,0:38:14,0:38:20,likely_undertranslated,Um oh maybe we can give you like a little breakdown of like kind of where we're at right now in terms of sources.,今の主な入手源がどんな感じか、少し内訳を出してもいいかも。,今の主な入手源がどんな感じか、少し内訳を出してもいいかも。,,
638,0:39:13,0:39:20,"connector_gap_risk,likely_undertranslated","So, that adds up to 45, which is roughly 2,600 Power Points if you want to be really specific about Power Points.","だいたい2,600パワーポイントくらいになる。","だいたい2,600パワーポイントくらいになる。",,
642,0:39:33,0:39:40,"connector_gap_risk,likely_undertranslated","So, that adds up to about 160, which is and there's a lot of variability here depending on the gachas, but it might be 3,000 Power Points roughly.","ざっくり3,000パワーポイントくらいになるかもしれない。","ざっくり3,000パワーポイントくらいになるかもしれない。",,
648,0:40:04,0:40:06,connector_gap_risk,"Uh and that's, you know, in 1 month.",これは1か月分の話だよ。,これは1か月分の話だよ。,,
649,0:40:06,0:40:10,connector_gap_risk,"So, you double it and you get to you get about to about 31,000 Power Points.","約31,000パワーポイントになる。","約31,000パワーポイントになる。",,
657,0:40:29,0:40:37,connector_gap_risk,"So, if you want to have a maxed account, I guess we want to be like hit the nail on the head here.",だから、アカウントを全部カンストしたいなら、ここははっきり言いたい。,だから、アカウントを全部カンストしたいなら、 / ここははっきり言いたい。,,
662,0:40:44,0:40:54,"connector_gap_risk,likely_undertranslated","And if your goal on the other hand is to like have a really good experience in brawl and be even a competitive player, then you don't need to have a maxed account, right?",良い体験をして競技的にも遊びたいだけなら、アカウントを最大化する必要はない。,良い体験をして競技的にも遊びたいだけなら、 / アカウントを最大化する必要はない。,,
668,0:41:10,0:41:20,connector_gap_risk,"And that's that's kind of like I think a fair balance in terms of like making sure that we're providing a really fun experience, but that we're also supporting the game.",すごく楽しい体験を届けつつ、ゲーム運営も支えるためのちょうどいいバランスだと思う。,すごく楽しい体験を届けつつ、 / ゲーム運営も支えるためのちょうどいいバランスだと思う。,,
694,0:42:17,0:42:26,connector_gap_risk,"And I think at the end of the day, we haven't really landed on a design that we're like all behind of, ""Okay, this is what we should put all our focus in right now.",「よし、今は全部を止めてでもこれに集中すべきだ」と全員が乗れるデザインにはまだたどり着いていない。,「よし、今は全部を止めてでもこれに集中すべきだ」と全員が乗れるデザインにはまだたどり着いていない。,,
702,0:42:50,0:42:57,"connector_gap_risk,likely_undertranslated","And to be honest, we haven't landed, as I said, on a design that would allow for us to put that in higher priority than on our other items we want to do.",他のやりたい項目より優先度を上げられるだけのデザインにはまだ至っていない。,他のやりたい項目より優先度を上げられるだけのデザインにはまだ至っていない。,,
704,0:43:00,0:43:08,"connector_gap_risk,likely_undertranslated","You have a million things you want to do, but you want you need to prioritize them based on what's the kind of what is the most important thing that you believe in right now.",今一番大事だと信じるものに基づいて優先順位をつけないといけない。,今一番大事だと信じるものに基づいて優先順位をつけないといけない。,,
708,0:43:17,0:43:23,"connector_gap_risk,likely_undertranslated",And then also like we had like a road map video where we state I think Map Maker is actually in two road map videos.,マップメーカーはたぶん2回出していたと思う。,マップメーカーはたぶん2回出していたと思う。,,
711,0:43:30,0:43:40,"connector_gap_risk,likely_undertranslated","And the further away from from the release date from the video release date until like the the later plan, like the further away you are, the more unreliable it is, right?",動画の公開日から離れるほど、その計画は不確実になっていく。,動画の公開日から離れるほど、その計画は不確実になっていく。,,
713,0:43:42,0:43:51,"connector_gap_risk,likely_undertranslated","Uh so like we have the desire to do it, but like for example, this year uh we had like we were not we were not we were not growing.",ああ、やりたいという気持ちはあるけど、例えば今年とか,ああ、やりたいという気持ちはあるけど、例えば今年とか,,
718,0:43:56,0:44:02,"connector_gap_risk,likely_undertranslated","And Map Maker on its own like an improvement that we have in mind, it will take, I don't know, 6 months minimum.",改善は、考えている規模だと最低でも6か月はかかると思う。,改善は、考えている規模だと最低でも6か月はかかると思う。,,
721,0:44:06,0:44:14,connector_gap_risk,"Is it like through a new exciting thing and then with Buffies, I think it was the right call because like the game was losing a What is it?",新しくワクワクするものが必要だったし、バフィーについては正しい判断だったと思う。,新しくワクワクするものが必要だったし、 / バフィーについては正しい判断だったと思う。,,
724,0:44:15,0:44:22,"connector_gap_risk,likely_undertranslated",So then we have to change the plans to like adapt and of course maybe we we could could have made a bad call.,だから計画を変えて適応する必要があった、もちろん。,だから計画を変えて適応する必要があった、もちろん。,,
731,0:44:39,0:44:45,"connector_gap_risk,likely_undertranslated",It's that we got more information or like things shifted and we had to like change our plans basically.,計画を変える必要が出てきただけなんだ。,計画を変える必要が出てきただけなんだ。,,
734,0:44:49,0:45:00,connector_gap_risk,"And the fact that in two road map videos, like map maker is there, it's because it's it's like a sincere desire for us to eventually at some point focus on it.",ロードマップ動画にマップメーカーが出ているのは、いつか本気で取り組みたい気持ちがあるからだよ。,ロードマップ動画にマップメーカーが出ているのは、いつか本気で取り組みたい気持ちがあるからだよ。,,
738,0:45:05,0:45:09,likely_undertranslated,It's a big risky thing and we need to have the game in a state where we can take that big risky bet as I said.,そうだね。,そうだね。,,
741,0:45:10,0:45:14,connector_gap_risk,"And actually when we released we released beta actually, it was not even like final.",リリースした時も、実はまだベータ版だった。,リリースした時も、実はまだベータ版だった。,,
751,0:45:55,0:46:03,connector_gap_risk,Uh and then he mentioned something about Clash Royale had a lost a huge chunk of their player base and I'm nervous that Brawl is going down the same uh path.,それから彼は、クラロワではプレイヤーベースのかなりの部分が失われたことについて言及したよ。,それから彼は、クラロワではプレイヤーベースのかなりの部分が失われたことについて言及したよ。,,
761,0:46:17,0:46:18,connector_gap_risk,"Okay, so But let's start start with power creep.",そういうことだね。,そういうことだね。,,
765,0:46:22,0:46:29,"connector_gap_risk,likely_undertranslated","Yeah, so I think um power creep in and of itself, so I think we just need to first talk about what does power creep mean, right?",まず、パワーインフレとは何かを話す必要があると思う。,まず、パワーインフレとは何かを話す必要があると思う。,,
767,0:46:31,0:46:39,connector_gap_risk,"The way I look at power creep, it means basically a new thing, new content, making old content obsolete because of how much more powerful it is.",僕の見方では、新しいものが強すぎて古いものを使わなくさせるのがパワーインフレだよ。,僕の見方では、新しいものが強すぎて古いものを使わなくさせるのがパワーインフレだよ。,,
777,0:47:02,0:47:13,"connector_gap_risk,likely_undertranslated","I think if we did that, the development cost, so the the amount of time it takes to do that, is still quite high, but the excitement is not really there because you acquire it and you don't really feel more powerful.",それをやるにも開発コストは高いけど、手に入れても強くなった感覚が薄くてワクワクしにくい。,それをやるにも開発コストは高いけど、 / 手に入れても強くなった感覚が薄くてワクワクしにくい。,,
781,0:47:23,0:47:30,connector_gap_risk,"We we need you to feel like whatever you put your mind into, whatever you put your time into, that it's worthwhile.",時間や意識を向けたものには、価値があったと感じてほしい。,時間や意識を向けたものには、価値があったと感じてほしい。,,
785,0:47:42,0:47:52,connector_gap_risk,Um but that's why basically power creep exists in games as a concept because otherwise there is no more real excitement of new content updates or drops or whatever.,そうでないと、新しいコンテンツ更新や追加に本当のワクワクがなくなってしまうからね。,そうでないと、新しいコンテンツ更新や追加に本当のワクワクがなくなってしまうからね。,,
790,0:47:59,0:48:06,connector_gap_risk,"So, like if you compare old brawlers like, I don't know, Bull with uh Colette, there's a world of difference in terms of complexity.",たとえば昔のブルとコレットを比べると、複雑さにはかなり差がある。,たとえば昔のブルとコレットを比べると、複雑さにはかなり差がある。,,
794,0:48:13,0:48:23,connector_gap_risk,"And so, we're basically serving them the things that they're more interested in and that does tend to creep things up over time, which can make older brawlers feel like a little bit simple, a little bit boring.",だから、みんながより興味を持つものを出していて、それが時間とともに少しずつインフレにつながることもある。,だから、みんながより興味を持つものを出していて、 / それが時間とともに少しずつインフレにつながることもある。,,
800,0:48:34,0:48:43,"connector_gap_risk,likely_undertranslated","Yeah, no, I think I think this is a really good point um that we haven't released super rare brawlers and the biggest reason for that is basically to what Quinn pointed out, the complexity.",スーパーレアのキャラを出していないという点は、すごく良い指摘だと思う。,スーパーレアのキャラを出していないという点は、すごく良い指摘だと思う。,,
802,0:48:48,0:48:58,connector_gap_risk,"Because the more rare super brawlers we make, the more variety you're going to have early game and the harder it's going to be for a new player to enter Brawl Stars because you're going to see so many more different brawlers.",なぜなら、僕らが作るスーパーブロウラーがレアであればあるほど、序盤のゲームの多様性が増し、難しくなるからだよ。,なぜなら、僕らが作るスーパーブロウラーがレアであればあるほど、 / 序盤のゲームの多様性が増し、難しくなるからだよ。,,
808,0:49:11,0:49:19,connector_gap_risk,"Same thing when we look at the rarities and the way we look at mechanics, often times we define the rarity based on how complex a brawler's mechanics are, right?",多くの場合、キャラのメカニクスがどれだけ複雑かを基準にレアリティを決めている。,多くの場合、キャラのメカニクスがどれだけ複雑かを基準にレアリティを決めている。,,
821,0:49:58,0:50:04,"connector_gap_risk,likely_undertranslated","Uh but as you get into the middle of the experience, once you have like oh a dozen brawlers or something, we actually want to like slow down the experience a little bit.",体験の中盤に入って十数体くらいキャラを持ったら、少しペースを落としたいんだ。,体験の中盤に入って十数体くらいキャラを持ったら、 / 少しペースを落としたいんだ。,,
830,0:50:27,0:50:33,connector_gap_risk,"And as we add more rewards into the system, we actually need something to sink those rewards into, right?",より多くの報酬を入れるなら、その報酬を使う先も必要になる。,より多くの報酬を入れるなら、その報酬を使う先も必要になる。,,
835,0:50:48,0:50:58,"connector_gap_risk,likely_undertranslated",And then there was another part of it which was would it be nice for more simple concepts to be added and then the comparisons between abilities.,経済的な面、うん、そして、もう一つの部分がありたよ。,経済的な面、うん、そして、もう一つの部分がありたよ。,,
839,0:51:15,0:51:27,"connector_gap_risk,likely_undertranslated","I don't think anyone would be interested in, you know, Colt 2.0, you know, like it needs to have something that makes you go wow, I didn't this doesn't exist in Brawl or this is a really cool reimagination of something.",Colt 2.0 に興味を持つ人はいないと思うよ。,Colt 2.0 に興味を持つ人はいないと思うよ。,,
840,0:51:27,0:51:39,"connector_gap_risk,likely_undertranslated","And of course, there are abilities that will kind of overlap when it comes to the mechanic itself like invisibility or something like that and I think that's needed because if we only make new mechanics, the complexity creep is immense, right?",それは必要でもある、新しいメカニクスだけを作り続けたら、複雑さのインフレがものすごくなるからね。,それは必要でもある、新しいメカニクスだけを作り続けたら、 / 複雑さのインフレがものすごくなるからね。,,
844,0:51:53,0:51:59,likely_undertranslated,Although sometimes like we have like really creative members on the team that can like creative their way out of this problem.,ただ、チームにはこの問題を創造力で乗り越えられる,ただ、チームにはこの問題を創造力で乗り越えられる,,
854,0:52:10,0:52:17,likely_undertranslated,And I think those are kind of the best solos we always try to look for like novelty but not over complexity.,そうだね。,そうだね。,,
857,0:52:18,0:52:30,"connector_gap_risk,likely_undertranslated","And I guess maybe in an ideal world where we would have infinite resources, maybe we could try to add every now and then one of those simpler brawlers to be added at the beginning of the game.",理想の世界でリソースが無限にあれば、序盤向けのシンプルなキャラも時々追加できるかもしれない。,理想の世界でリソースが無限にあれば、 / 序盤向けのシンプルなキャラも時々追加できるかもしれない。,,
860,0:52:34,0:52:44,"connector_gap_risk,likely_undertranslated","And and to be honest like I I I I one of the persons who actually say the same things like I can do something new because like I that's what I chase when I I got a new brother, right?",うん、そして、正直に言うと、私も私も、実際に僕にもできることと同じことを言う人の一人だよ。,うん、そして、正直に言うと、私も私も、実際に僕にもできることと同じことを言う人の一人だよ。,,
861,0:52:44,0:52:53,connector_gap_risk,But I think there's no game actually like no mobile no other game that like has like a set of heroes that they have the set the a unique kit.,モバイルに限らず、これだけ独自キットを持つヒーローが揃ったゲームはあまりないと思う。,モバイルに限らず、これだけ独自キットを持つヒーローが揃ったゲームはあまりないと思う。,,
864,0:52:58,0:53:08,"connector_gap_risk,likely_undertranslated","So like it is super tough and then I think it's also good because like it kind of has these abilities can resonate or can like be a nice combo for the kit of the brawler, right?",だから本当に難しい、ただ、そういう能力がキャラのキットにうまく響いたり。,だから本当に難しい、ただ、そういう能力がキャラのキットにうまく響いたり。,,
874,0:53:27,0:53:36,"connector_gap_risk,likely_undertranslated","I just have to mention it, but during the upside showdown, like that's when I finally saw it like how beauty like the beauty in the in the box gadget.",Upside Showdownの時に、箱ガジェットの良さがやっと見えたんだ。,Upside Showdownの時に、箱ガジェットの良さがやっと見えたんだ。,,
886,0:54:03,0:54:11,connector_gap_risk,But also it feel like like um a person who like I'll I'll tell the the truth that nobody's saying.,あらゆる質問から逃げる、でも、それはみたいな感じでもあるよ。,あらゆる質問から逃げる、 / でも、それはみたいな感じでもあるよ。,,
887,0:54:11,0:54:23,"connector_gap_risk,likely_undertranslated","But also I think I want to show like how when you're like too emotional, you're actually like driving away from the actual constructive feedback because if you go through the questions here we can answer like they are quite like shallow a bit.",実際の建設的なフィードバックから遠ざかってしまうことも示したかった。,実際の建設的なフィードバックから遠ざかってしまうことも示したかった。,,
889,0:54:31,0:54:39,connector_gap_risk,"But like ah, there is not much to talk about because it's very um it's more like accusations rather than questions, but let's go.",ただ、質問というより非難に近いから、話せることはそこまで多くない。,ただ、質問というより非難に近いから、 / 話せることはそこまで多くない。,,
903,0:55:26,0:55:42,"connector_gap_risk,likely_undertranslated","When that happens, it's when the item is like non-revocable and then if the amount is like significant, then we will basically give that a person an offer like do you they want to close their account and get the refund or do they want to not get the refund and keep their account and then we we leave it up to them.",大きい場合だ、その場合は、その人に選択肢を出す、アカウントを閉じて。,大きい場合だ、その場合は、その人に選択肢を出す、 / アカウントを閉じて。,,
912,0:56:01,0:56:10,connector_gap_risk,So when you uh some people like will buy the Brawl Pass and then they'll get all of the rewards from the pay tracks and then they'll charge back the Brawl Pass on their credit card.,ブロスタパスを買って有料トラックの報酬を全部受け取った後、クレジットカードでチャージバックする人がいる。,ブロスタパスを買って有料トラックの報酬を全部受け取った後、 / クレジットカードでチャージバックする人がいる。,,
914,0:56:17,0:56:24,connector_gap_risk,Um and then they we also give them an offer which lets them remove that negative gem balance for the price of that item.,そして、そのアイテムの価格でマイナスエメラルドを消せるオファーも出す。,そして、そのアイテムの価格でマイナスエメラルドを消せるオファーも出す。,,
915,0:56:24,0:56:30,connector_gap_risk,Uh and then we basically leave it up to the player like do they want to keep the negative gems or do they want to pay for the Brawl Pass?,マイナスエメラルドのままにするか、ブロスタパス分を支払うかは、そのプレイヤーに任せている。,マイナスエメラルドのままにするか、ブロスタパス分を支払うかは、そのプレイヤーに任せている。,,
918,0:56:42,0:56:47,connector_gap_risk,"Resources that could be spent on like power levels and then how do you get those back, right?",パワーレベルに使われてしまったリソースはどう戻すのか。,パワーレベルに使われてしまったリソースはどう戻すのか。,,
920,0:56:50,0:57:00,"connector_gap_risk,likely_undertranslated","And it would also be like even if we could develop this like really intricate per user claw back, it would be probably buggy and then it would be really hard for us to even identify like where it was going wrong.",おそらくバグが多くなるし、どこで問題が起きたのか特定するのもかなり難しくなる。,おそらくバグが多くなるし、どこで問題が起きたのか特定するのもかなり難しくなる。,,
923,0:57:07,0:57:13,"connector_gap_risk,likely_undertranslated","You could like have the Brawl Pass, you know, wear it in game and then be like ah I don't want it anymore, charge back your credit card.",もういらないからカードでチャージバックする、みたいにね。,もういらないからカードでチャージバックする、みたいにね。,,
928,0:57:26,0:57:35,"connector_gap_risk,likely_undertranslated","Um like so in that case there is like some pre-selected messages that you go through and that's just to collect the relevant data, and figure out like uh who to send you to.",関連データを集めて、どこに案内すべきか判断するための事前に用意されたメッセージがある。,関連データを集めて、どこに案内すべきか判断するための事前に用意されたメッセージがある。,,
936,0:57:55,0:58:06,"connector_gap_risk,likely_undertranslated","And of course, like there are multiple ways that like the game can detect that something was refunded cuz like could be like it happens that some take some kids get the credit card of the parents.",もちろん、ゲーム側が返金を検知する方法はいくつかある。,もちろん、ゲーム側が返金を検知する方法はいくつかある。,,
938,0:58:07,0:58:18,connector_gap_risk,"They ask the bank to retract that purchase, and then the game detects that, and then it kind of like charge charge back that What is the charge back?",銀行に購入を取り消してもらうと、ゲーム側がそれを検知してチャージバックとして扱う。,銀行に購入を取り消してもらうと、ゲーム側がそれを検知してチャージバックとして扱う。,,
940,0:58:22,0:58:29,connector_gap_risk,"It could be in that like a person who thought it was a friend gave you a brawl pass and scammed you, and then he asked for a refund.",友達だと思っていた人がブロスタパスを贈ってきて、あとから返金して騙すケースもありえる。,友達だと思っていた人がブロスタパスを贈ってきて、 / あとから返金して騙すケースもありえる。,,
942,0:58:32,0:58:40,connector_gap_risk,"So, like there is a multitude of options that it doesn't always require the owner of the account to go to the support and ask for a refund.",つまり、アカウント本人がサポートに返金を頼まなくても起きるケースはいくつもある。,つまり、アカウント本人がサポートに返金を頼まなくても起きるケースはいくつもある。,,
944,0:58:44,0:58:48,connector_gap_risk,"I think like if you if like it was a really mistake a real mistake, it's fine.",本当にミスだったなら、それは大丈夫だと思う。,本当にミスだったなら、それは大丈夫だと思う。,,
945,0:58:48,0:58:59,"connector_gap_risk,likely_undertranslated","But, there is like if you buy something that has like way more value than the actual money that you put in, then there is like this charge back mechanic that we have in the game.",ゲーム内にこのチャージバックの仕組みがある。,ゲーム内にこのチャージバックの仕組みがある。,,
960,0:59:37,0:59:38,connector_gap_risk,"But, only if it's specific, right?",ただし,ただし,,
963,0:59:42,0:59:47,connector_gap_risk,"Like, maybe it's like he has an issue with in-app purchases or like maybe it's when we have collab events.",いろいろ考えられる、アプリ内購入そのものが嫌なのかもしれないし。,いろいろ考えられる、アプリ内購入そのものが嫌なのかもしれないし。,,
972,0:59:58,1:00:03,connector_gap_risk,"But, uh but yeah, but just like uh um still thinking about like the amount of subscription.",ただ、サブスクの規模について考えるとね。,ただ、サブスクの規模について考えるとね。,,
974,1:00:08,1:00:14,connector_gap_risk,"And like, I think the percentage of people who buy Brawl Pass, I'm trying to do like a math on my head, so it would probably off, so you correct me.",ブロスタパスを買う人の割合を頭の中で計算しているから、少しズレていたら直してね。,ブロスタパスを買う人の割合を頭の中で計算しているから、 / 少しズレていたら直してね。,,
976,1:00:15,1:00:22,connector_gap_risk,"But, I think from the revenue we got on the day one from with the deal, you is it like less than 1%?",初日のオファー売上から考えると、1%未満くらいだったかな。,初日のオファー売上から考えると、1%未満くらいだったかな。,,
981,1:00:27,1:00:37,"connector_gap_risk,likely_undertranslated","Um okay, so I think I think well, and I don't think we want to say exactly how many people spend money on the game, but like normally we look at the percentage, but it's like, you know, yeah.",ゲームに課金している人の正確な人数は言わないけど、普段は割合で見ているよ。,ゲームに課金している人の正確な人数は言わないけど、 / 普段は割合で見ているよ。,,
998,1:01:05,1:01:18,"connector_gap_risk,likely_undertranslated","So, actually maybe I can add one more like kind of uh view on this, which is that So, we do offer direct rewards, and we also get a lot of um I guess like pushback, but also just like lack of engagement often when we do that.",もう1つ見方を足すと、直接報酬を出すこともあるけど、その時は反発や反応の薄さもけっこう出るんだ。,もう1つ見方を足すと、直接報酬を出すこともあるけど、 / その時は反発や反応の薄さもけっこう出るんだ。,,
999,1:01:18,1:01:21,connector_gap_risk,"So, and I it's really interesting the reason for it.",その理由がかなり面白いんだ。,その理由がかなり面白いんだ。,,
1000,1:01:21,1:01:24,connector_gap_risk,"So, let's say we offer you 100 coins, right?",そうだね。,そうだね。,,
1004,1:01:36,1:01:44,connector_gap_risk,"And so like like especially like if you're like going to change your play habits based on a resource that you don't want, then you just don't play, right?",欲しくないリソースのためにプレイ習慣を変えるくらいなら、そもそも遊ばないよね。,欲しくないリソースのためにプレイ習慣を変えるくらいなら、 / そもそも遊ばないよね。,,
1007,1:01:49,1:01:53,connector_gap_risk,"Yeah, and actually like well that there's a designer before you.",君の前にいたデザイナーがいて,君の前にいたデザイナーがいて,,
1011,1:01:56,1:02:04,connector_gap_risk,The he he was working on the Brawl Pass and then we were talking the economy or like rebalancing the new Brawl Pass that he was also working when we had the star road.,彼はブロスタパスを担当していて、僕らは経済や新しいブロスタパスの再調整について話していたんだ。,彼はブロスタパスを担当していて、僕らは経済や新しいブロスタパス / の再調整について話していたんだ。,,
1013,1:02:12,1:02:26,"connector_gap_risk,likely_undertranslated","And then I said like, ""No, remove that because like it is mathematically better, but you remove all the hope from opening a star drop like because then you guarantee a super rare reward as opposed like a normal star drop that it can be better.""",だから「それは外して」と言ったんだ。数学的には得でも、スタードロップを開ける希望がなくなるからね。,だから「それは外して」と言ったんだ。数学的には得 / でも、スタードロップを開ける希望がなくなるからね。,,
1025,1:03:01,1:03:04,connector_gap_risk,"Yeah, we talked about that in the first question also.",それは最初の質問でも話したね。,それは最初の質問でも話したね。,,
1026,1:03:04,1:03:19,"connector_gap_risk,likely_undertranslated",What do you have to say to those who to those who say you are losing players because you are not honest with them because you guys not gaslight them because you nickel and dime them every update with new gotcha and you remove popular features and replace them with unpopular ones.,毎回のアップデートで細かく課金させ、人気機能を不人気なものに置き換えていると言う人には何と答える？,毎回のアップデートで細かく課金させ、 / 人気機能を不人気なものに置き換えていると言う人には何と答える？,,
1029,1:03:24,1:03:34,connector_gap_risk,"And to be clear, like I'll say this again and again, our mission is to grow Brawl, and we never want to take an unpop- a popular feature and replace it with an unpopular one, because that's against our goal, right?",はっきり言うと、僕らの使命はブロスタを成長させることで、人気機能を不人気なものに置き換えたいわけじゃない。,はっきり言うと、僕らの使命はブロスタを成長させることで、 / 人気機能を不人気なものに置き換えたいわけじゃない。,,
1032,1:03:37,1:03:48,"connector_gap_risk,likely_undertranslated","And then this one thing that we we do in a bold way compared to other games out there is like we rarely AB test these changes, you know?",こういう変更をほとんどABテストしないことなんだ。,こういう変更をほとんどABテストしないことなんだ。,,
1049,1:04:50,1:04:57,"connector_gap_risk,likely_undertranslated","And just maybe piggyback on that, like whenever we talk about something here, we are trying to be literally as transparent and honest as possible.",そこに少し乗っかると、ここで何かを話すときは、本当にできる限り,そこに少し乗っかると、ここで何かを話すときは、本当にできる限り,,
1052,1:04:59,1:05:01,connector_gap_risk,And and that is fine as well.,それも全然いい。,それも全然いい。,,
1055,1:05:05,1:05:10,connector_gap_risk,"You don't have to believe the same thing, or you don't have to agree with us, but at least then you know why.",同じように信じる必要はないし、同意する必要もない、でも少なくとも。,同じように信じる必要はないし、同意する必要もない、でも少なくとも。,,
1062,1:05:17,1:05:26,"connector_gap_risk,likely_undertranslated","And in terms of like I guess this question, like everyone on the Brawl team is incredibly passionate about Brawl and we all work as hard as we can to make Brawl better.",この質問について言うと、ブロスタチームのみんなはブロスタに本気で情熱を持っている。,この質問について言うと、ブロスタチームのみんなはブロスタに本気で情熱を持っている。,,
1068,1:05:40,1:05:46,"connector_gap_risk,likely_undertranslated","But the way that we do that is that we want to get a small number small amount of money from a lot of people, right?",でもそのやり方は、多くの人から少しずつ,でもそのやり方は、多くの人から少しずつ,,
1076,1:06:07,1:06:19,connector_gap_risk,"And I think like also like for uh like coming back to the Buffies price, like now because of the cost, because of the energy, it give us so much room for life events.",バフィーの価格に戻ると、コストとエナジーのおかげでライブイベントを作る余地がかなり広がるんだ。,バフィーの価格に戻ると、コストとエナジーのおかげでライブイベントを作る余地がかなり広がるんだ。,,
1091,1:07:07,1:07:14,connector_gap_risk,"So, most players, they only play about a dozen Brawlers regularly and maybe less, right?",あるいはそれ以下なんだ。,あるいはそれ以下なんだ。,,
1094,1:07:26,1:07:30,connector_gap_risk,"And that's kind of been the biggest headwind that we faced in this last year, right?",これがこの1年で直面した一番大きな逆風だった。,これがこの1年で直面した一番大きな逆風だった。,,
1101,1:07:49,1:07:56,likely_undertranslated,"I would like to also add something like uh Queen just mentioned like we are in a little a little bit of a decline, you know?",クインが少し下降傾向と言ったところに、少し付け加えたい。,クインが少し下降傾向と言ったところに、少し付け加えたい。,,
1102,1:07:56,1:08:04,connector_gap_risk,"And yeah, like still compared to how we were doing like 4 years ago, we are doing great.",それでも4年前と比べれば、僕らはかなり良い状態だよ。,それでも4年前と比べれば、僕らはかなり良い状態だよ。,,
1111,1:08:12,1:08:19,"connector_gap_risk,likely_undertranslated","So, we're going to show you three versions because you can use graphs to tell a story and depending on where you cut off the graph, it tells a very different story.",どこで切り取るかによって、まったく違う物語になる。,どこで切り取るかによって、まったく違う物語になる。,,
1115,1:08:29,1:08:36,connector_gap_risk,"And yeah, it's very easy to once there's like words out there like, ""Ah, they're not doing as good as they were doing they are dying.""",「前ほど良くない、もう終わりだ」と言われ始めると、そう見えやすいんだ。,「前ほど良くない、もう終わりだ」と言われ始めると、そう見えやすいんだ。,,
1127,1:09:02,1:09:15,"connector_gap_risk,likely_undertranslated",You can see like the the most uh the lowest we ever got that's the master and bling update and then right after like this small climb up and remaining like the retention was like stable there was the star drop.,これまでで最も最低だったものがマスターとキラキラのアップデートで、その直後にあることがわかりるよ。,これまでで最も最低だったものがマスターとキラキラのアップデートで、その直後にあることがわかりるよ。,,
1130,1:09:21,1:09:28,likely_undertranslated,Actually if you go back to two years ago cuz we've been doing a lot of reflection as to like what caused that gigantic increase.,その大きな増加の原因だね。,その大きな増加の原因だね。,,
1156,1:10:06,1:10:15,"connector_gap_risk,likely_undertranslated",So yeah this is the whole life cycle so you can see that we're we're doing quite well currently relative to our entire life cycle and then you can show 2025.,ライフサイクル全体で見ると、今はかなり良い位置にいるのが分かると思う。,ライフサイクル全体で見ると、今はかなり良い位置にいるのが分かると思う。,,
1160,1:10:20,1:10:23,connector_gap_risk,But then we can also show you the last three months.,でも直近3か月も見せられる。,でも直近3か月も見せられる。,,
1164,1:10:34,1:10:44,"connector_gap_risk,likely_undertranslated",For for people who is what listening on Spotify or other things we are actually showing graphs visual graphs so maybe you want to jump on the video and see what we're talking about.,Spotify やその他のものを聴いている人々にとって、僕らは実際にそうなのだよ。,Spotify やその他のものを聴いている人々にとって、 / 僕らは実際にそうなのだよ。,,
1196,1:11:46,1:11:47,connector_gap_risk,"Yeah, so that's the kind of the reason for it.",それが理由だね。,それが理由だね。,,
1213,1:12:39,1:12:45,"connector_gap_risk,likely_undertranslated","Like it's a Yeah, and like so much of the feel of the game is done by Gorn when he works on things like this, you know?",ゲームの手触りの多くは、こういうものに取り組むゴーンが作っている。,ゲームの手触りの多くは、こういうものに取り組むゴーンが作っている。,,
1221,1:13:11,1:13:15,connector_gap_risk,"Um and then I got the coins and then I was like, yes.",それでコインが出て、「やった」と思った。,それでコインが出て、「やった」と思った。,,
1244,1:14:13,1:14:20,likely_undertranslated,"The matter of the fact right now is is the most exciting games, one of the most exciting games for anyone to play the game is when a new brawler comes out.",今いちばんワクワクする瞬間のひとつは、新キャラが出る時なんだ。,今いちばんワクワクする瞬間のひとつは、新キャラが出る時なんだ。,,
1258,1:14:51,1:14:56,"connector_gap_risk,likely_undertranslated","So, maybe when we get to 150, then we should start having this conversation about like, okay, are we crossing into too many?",150匹で始まったよね、だから150体に到達したら。,150匹で始まったよね、だから150体に到達したら。,,
1260,1:14:58,1:15:04,connector_gap_risk,"So, I mean it's Yeah, so I guess the the short answer is is there a point where we should slow down?",短く言うと、どこかでペースを落とすべきなのか、という話だね。,短く言うと、どこかでペースを落とすべきなのか、という話だね。,,
1270,1:15:17,1:15:27,"connector_gap_risk,likely_undertranslated","I remember when I joined this team like I did have that concern because anyway, I guess I was still learning the brawlers and back then it was like 40 or something like that, or even less.",当時はまだキャラを覚えている途中で、40体くらい、もしかしたらそれ以下だった。,当時はまだキャラを覚えている途中で、40体くらい、もしかしたらそれ以下だった。,,
1273,1:15:35,1:15:48,connector_gap_risk,"Um I guess how we do the matchmaking also helps like in terms of like, yeah, we you actually don't really need to know all the details of all the brawlers that you are facing or you are playing with.",マッチメイキングの仕組みも助けになっていると思う。対戦相手や味方のキャラを、全部細かく知っている必要はあまりないからね。,マッチメイキングの仕組みも助けになっていると思う。 / 対戦相手や味方のキャラを、全部細かく知っている必要はあまりないからね。,,
1275,1:15:51,1:16:00,"connector_gap_risk,likely_undertranslated","Yeah, there is an issue with the player journey, we think, which is that like we when you join Brawl right now, we throw you into a like a hundred brawler meta, right?",今ブロスタに入ると、いきなり100体のキャラがいる環境に放り込まれる。,今ブロスタに入ると、いきなり100体のキャラがいる環境に放り込まれる。,,
1279,1:16:09,1:16:19,likely_undertranslated,"Uh Um from Poofoka, are you uh actually uh as long as as as a long time player, the game feels like a chore now.",プーフォカから、君は実際にはできるだけ長く,プーフォカから、君は実際にはできるだけ長く,,
1282,1:16:24,1:16:30,"connector_gap_risk,likely_undertranslated","And if so, are you happy with that where the things are at the at where the things are?",今の状態に満足しているよか？,今の状態に満足しているよか？,,
1288,1:16:40,1:16:45,"connector_gap_risk,likely_undertranslated","Of course, some people play it less, some people play it more, and it goes in waves, so just like normal players.",普通のプレイヤーと同じように波もある。,普通のプレイヤーと同じように波もある。,,
1289,1:16:45,1:17:02,connector_gap_risk,"Um, and I think the fact that it feels like a chore to you, I think that's an interesting observation, because I think for a lot of us, it definitely is the opposite, where we kind of go to Brawl when we have some time and we want to just have some time to relax.",それを作業みたいに感じるというのは、面白い見方だと思う。僕たちの多くにとってはむしろ逆で、少し時間がある時に、リラックスしたくてブロスタを開く感じなんだ。,それを作業みたいに感じるというのは、面白い見方だと思う。 / 僕たちの多くにとってはむしろ逆で、少し時間がある時に、リラックスしたくてブロスタを開く感じなんだ。,,
1300,1:17:33,1:17:42,"connector_gap_risk,likely_undertranslated","So, this I think is the most maybe specific question we can all give our take on, but I think for me, I'm very happy with a lot of the things in the game, and I'm very unhappy with some other things.",それぞれ答えられると思う、自分はゲーム内の多くのものにとても満足しているし。,それぞれ答えられると思う、自分はゲーム内の多くのものにとても満足しているし。,,
1304,1:17:56,1:18:00,"connector_gap_risk,likely_undertranslated","So, I think it's it's a more nuanced question than are we happy or not with the game?",だから「ゲームに満足しているか,だから「ゲームに満足しているか,,
1335,1:19:16,1:19:29,"connector_gap_risk,likely_undertranslated","Um but yeah, like I guess after that like maybe I'm I am in I'm I'm still playing a lot and I'm definitely the buffs have have helped to to compensate like this uh I'm I'm missing the upside so I'm actually Mhm.",バフィーはアップサイドが恋しい気持ちを補う助けには間違いなくなっている。,バフィーはアップサイドが恋しい気持ちを補う助けには間違いなくなっている。,,
1337,1:19:33,1:19:43,connector_gap_risk,"Like I yes, but definitely there's things that we are always seen um as as as a potential improvement that we could do.",はい、ただ、常に改善できる可能性として見ているものはもちろんある。,はい、ただ、常に改善できる可能性として見ているものはもちろんある。,,
1338,1:19:43,1:19:48,connector_gap_risk,And and there's things that in a way have been there for a long time.,そして、長い間そこに残っているものもある。,そして、長い間そこに残っているものもある。,,
1339,1:19:48,1:19:57,likely_undertranslated,"Um let's say um this uh long time request of can we improve how the pins are are handled in the game, no?",これは長い間言ってみましょう,これは長い間言ってみましょう,,
1348,1:20:25,1:20:33,"connector_gap_risk,likely_undertranslated","I think maybe this is a good way to put it like like we can be of course very happy about different aspects of the game, but we we always have a laundry list of things we want to be better, right?",おそらくこれは、僕らがもちろんとてもできるというように表現するのが良い方法だと思うよ,おそらくこれは、僕らがもちろんとてもできるというように表現するのが良い方法だと思うよ,,
1365,1:21:23,1:21:35,"connector_gap_risk,likely_undertranslated",Like I'm happy because like I've also working like in other games in other companies and this team is is like the best place for a community manager to be because like people really care about it.,他の会社の他のゲームと同じように仕事をしているので幸せだよ。,他の会社の他のゲームと同じように仕事をしているので幸せだよ。,,
1370,1:21:51,1:21:59,connector_gap_risk,"Even though it's sometimes because we don't maybe don't have like these channels or these videos every now and then, it feels like it's a bit uh distant.",こういう場や動画がいつもあるわけではないから、少し距離を感じることもあると思う。,こういう場や動画がいつもあるわけではないから、 / 少し距離を感じることもあると思う。,,
1378,1:22:26,1:22:36,likely_undertranslated,Like it's like every time like there's a break between meeting like yeah let's just play this match try to complete all the one uh icon in the What is it?,「よし、この試合をやって、イベントのコレクションのアイコンを,「よし、この試合をやって、イベントのコレクションのアイコンを,,
1387,1:23:11,1:23:19,connector_gap_risk,Yeah I mean so the fact that we used trios at the start doesn't mean that we always have to adhere to the same thing necessarily.,最初にトリオを使ったからといって、ずっと同じ形に縛られる必要はない。,最初にトリオを使ったからといって、ずっと同じ形に縛られる必要はない。,,
1401,1:23:52,1:23:56,"connector_gap_risk,likely_undertranslated",But I think it would be a funny gag if we never complete that trio of a brawler.,それはそれでね。,それはそれでね。,,
1409,1:24:16,1:24:33,"connector_gap_risk,likely_undertranslated","Yeah so we released our plans uh for the December update in November um and we did that because we wanted to give you guys as much information about what was coming ahead of time so that you could make an informed decision, especially since we were about to run a Black Friday sale and we didn't want to like, you know, pull the rug out from under you or anything.",12月アップデートの予定を11月に公開したのは、事前にできるだけ多く情報を出したかったからなんだ。,12月アップデートの予定を11月に公開したのは、事前にできるだけ多く情報を出したかったからなんだ。,,
1410,1:24:33,1:24:39,connector_gap_risk,"Uh, but the thing is that we were like in the middle of development and uh, of course like we don't have all of the answers until we like worked it out.",ただ、その時はまだ開発途中で、すべてを詰め切るまでは当然すべての答えがそろっていなかった。,ただ、その時はまだ開発途中で、すべてを詰め切るまでは当然すべての答えがそろっていなかった。,,
1428,1:25:26,1:25:36,connector_gap_risk,And just to praise the fact that you it was the second time that we had done this before a big brawl pass change we actually announced it.,大きなブロスタパス変更の前に事前発表したのは、これで2回目だったよね。,大きなブロスタパス変更の前に事前発表したのは、これで2回目だったよね。,,
1433,1:25:55,1:26:11,"connector_gap_risk,likely_undertranslated",And in a way also as a game developer like definitely when when we are doing something that might be controversial like being able to at least every now and then actually announce it when we are still doing it just in case we need to pivot.,そして、ある意味では、ゲーム開発者としても、可能性のあることをしているときは間違いなく好きだよ。,そして、ある意味では、ゲーム開発者としても、可能性のあることをしているときは間違いなく好きだよ。,,
1435,1:26:12,1:26:21,"connector_gap_risk,likely_undertranslated","feels good to okay, okay, yeah, the announcement was is out and yeah, like people are not throwing But I I guess I also compare like with uh, uh the industry.",発表が出て、みんながそこまで怒っていないのを見ると少し安心する。,発表が出て、みんながそこまで怒っていないのを見ると少し安心する。,,
1440,1:26:40,1:26:48,"connector_gap_risk,likely_undertranslated","But I think like it's No, like most of the industry don't do that like they change like there you go, now it's new.",でも業界の多くはそんなことをしないと思う。,でも業界の多くはそんなことをしないと思う。,,
1441,1:26:48,1:27:00,connector_gap_risk,"Like so, we gave time and then even like the Brawl Pass thing that now that you can't buy anymore, but before you could buy the old Brawl Pass and then change uh like that buy a token and then claim the high value Brawl Pass afterwards.",今はもうできないけど、以前は古いブロスタパスを買ってトークンを受け取り、その後で高価値の新ブロスタパスに使うこともできた。,今はもうできないけど、以前は古いブロスタパスを買ってトークンを受け取り、 / その後で高価値の新ブロスタパスに使うこともできた。,,
1448,1:27:23,1:27:27,connector_gap_risk,"Uh I actually the name is No, that's the name or the the ID.",名前なのかIDなのか分からないけど,名前なのかIDなのか分からないけど,,
1471,1:28:14,1:28:29,"connector_gap_risk,likely_undertranslated","I think my first one was Toy Story on Meepo, and I've been doing like obviously you split it between people on the team, but I do uh a few of those different ones, and my favorite brawler I had an hour to think about it, and I could still couldn't decide.",自分はいくつかのキャンペーンを担当している。,自分はいくつかのキャンペーンを担当している。,,
1485,1:29:05,1:29:18,"connector_gap_risk,likely_undertranslated","Uh at actually what's funny is we we actually did have a plan to release a final piece of content that was going to come out at the end, but I think like it was so cool like the whole campaign was very different to what we've done before.",実際のところ面白いのは、僕らは実際に、最終的なコンテンツをリリースする計画があったということだよ。,実際のところ面白いのは、僕らは実際に、最終的なコンテンツをリリースする計画があったということだよ。,,
1488,1:29:24,1:29:48,"connector_gap_risk,likely_undertranslated","Trying to do this investigation, and I think we were trying so hard to like make it believable it could be anyone, and also put these different pieces together that when we got to the end and we had this uh like final piece, one, it was pretty late when we actually had it, and it felt like had already moved on to like we were talking about the new pass and uh the new season, so it felt like like we missed the moment for it.",そして最後にその最終コンテンツまで来たとき、1つには実際に出来上がったのがかなり遅かった。,そして最後にその最終コンテンツまで来たとき、 / 1つには実際に出来上がったのがかなり遅かった。,,
1489,1:29:48,1:30:01,"connector_gap_risk,likely_undertranslated","And and also it didn't feel like as maybe satisfying as as we wanted it to feel like to what what felt like such a cool campaign, and there was so much cool discussion as well online of people talking about it was this one, it was this.",すごく良いキャンペーンだった分、僕らが望んだほど満足感が出なかったところもあった。,すごく良いキャンペーンだった分、 / 僕らが望んだほど満足感が出なかったところもあった。,,
1496,1:30:20,1:30:28,"connector_gap_risk,likely_undertranslated","But uh Yeah, so we actually we have a video so we can show the unreleased video of what was going to come out.",未公開だった動画を見せられるように用意してあるよ。,未公開だった動画を見せられるように用意してあるよ。,,
1523,1:31:22,1:31:53,"connector_gap_risk,likely_undertranslated","He was the prankster and also we like if you went through the investigations, there was this kind of this subplot of him like trying to take over Rainbow Candy Stand, so he was like he was trying to frame Mandy for it, so it was I think there's also some mystery there as well on whether he is the Pier or it's still up for mystery because maybe he was just using the incident, so there's an original Pier and then he was just copying using mustard, so kind of maybe the Pier is still out there.",そこにも少し謎が残っていると思う、彼が本当に犯人なのか。,そこにも少し謎が残っていると思う、彼が本当に犯人なのか。,,
1529,1:32:06,1:32:14,"connector_gap_risk,likely_undertranslated","Like, cuz it was like this super fun idea that we came up with in the marketing meeting where, like, we're like, ""Okay, he's the security guard or the sanitation expert at the pool.",だって、マーケティング会議で思いついたのは、すごく楽しいアイデアだったのよ。,だって、マーケティング会議で思いついたのは、すごく楽しいアイデアだったのよ。,,
1532,1:32:21,1:32:28,"connector_gap_risk,likely_undertranslated","But then, when it actually came to it, it was like Danny, cuz over Christmas, I spent so much time looking at Reddit.",でも実際にやってみると、クリスマスの間に,でも実際にやってみると、クリスマスの間に,,
1535,1:32:32,1:32:41,connector_gap_risk,"I'm now I'm now so ready for like after this comes out, I'll see like, ""This is the dude with the pee fetish"" or whatever.",今はこれが出た後に「おしっこフェチのやつだ」とか言われる覚悟ができている。,今はこれが出た後に「おしっこフェチのやつだ」とか言われる覚悟ができている。,,
1542,1:32:58,1:33:02,"connector_gap_risk,likely_undertranslated","And then he goes like, ""Look, it was like, it was a good gag, but you made like a movie out of it.""",そしたら彼が「いいギャグだったけど,そしたら彼が「いいギャグだったけど,,
1550,1:33:33,1:33:41,connector_gap_risk,"And like, I think the inbox component, like, out of all the things I've worked on, I have like many videos I like more than Like, I really love Trunk that I worked on.",受信箱の要素についても、自分が関わったものの中で、動画としてもっと好きなものはたくさんある。,受信箱の要素についても、自分が関わったものの中で、動画としてもっと好きなものはたくさんある。,,
1553,1:33:49,1:34:17,"connector_gap_risk,likely_undertranslated","And that, like, as like someone who's like, that's their job, like, I now want to do only stuff like this where it should be a moment where everyone is talking about that thing, and I'm sad that everyone was talking about pee this time, but I hope next time, like, we can do something cooler, which is like, cuz I I know everyone wants more lore stuff, and I want to do something that is more lore-driven, but like everyone can talk about it, as opposed to, yeah, who who peed in the pool.",仕事としてやっている側からすると、みんなが話題にする瞬間をもっと作りたいんだ。,仕事としてやっている側からすると、みんなが話題にする瞬間をもっと作りたいんだ。,,
1555,1:34:18,1:34:30,"connector_gap_risk,likely_undertranslated","Yeah, you were just going through what have you done for the project, and I would just like to highlight like something that you did that in a way for me is like a a personal achievement.",プロジェクトで何をしたか話していたけど、僕にとって個人的な達成でもあることをひとつ挙げたい。,プロジェクトで何をしたか話していたけど、 / 僕にとって個人的な達成でもあることをひとつ挙げたい。,,
1557,1:34:33,1:34:44,"connector_gap_risk,likely_undertranslated","So, during the Battle Kingdom, Adam was the one helping us out to to pull off the big effort that was like to tell the story in a manga and and also anime format that was also animated.",カタナキングダムでは、Adamが漫画とアニメ形式で物語を伝える大きな取り組みを助けてくれた。,カタナキングダムでは、Adamが漫画とアニメ形式で物語を伝える大きな取り組みを助けてくれた。,,
1562,1:34:51,1:35:02,"connector_gap_risk,likely_undertranslated","The manga one was insane, because we we had such a short lead time, and we wanted to do so much that like every all the episodes were made in like 2 weeks.",漫画版は本当に大変で、制作期間が短いのに全話を2週間くらいで作ったんだ。,漫画版は本当に大変で、制作期間が短いのに全話を2週間くらいで作ったんだ。,,
1575,1:35:33,1:35:37,connector_gap_risk,"I was like, yeah, cuz like Martin like said, ""Oh, do you want to do a voice?""",マーティンに「声やってみたい、」って聞かれて。,マーティンに「声やってみたい、」って聞かれて。,,
1605,1:36:32,1:36:47,"connector_gap_risk,likely_undertranslated","Yeah, but uh yeah, Globert I'm super excited for and we have other stuff in the work that I'm even more excited for and as I said like I think the P thing was a great learning on this kind of more serialized content and I really hope we can do more of that in the future.",さっき言ったように、おしっこの件はこういう連続もののコンテンツに関する大きな学びだった。,さっき言ったように、おしっこの件はこういう連続もののコンテンツに関する大きな学びだった。,,
1606,1:36:47,1:36:53,"connector_gap_risk,likely_undertranslated","Like it's a lot of work that we put in, but I think it's really worth it and yeah, I would love to do more.",その価値は本当にあると思うし、もっとやりたい。,その価値は本当にあると思うし、もっとやりたい。,,
1609,1:36:58,1:37:21,"connector_gap_risk,likely_undertranslated","Uh yeah, I I I want to say that we also like I Maybe it doesn't come across all the time, but we are like always paying so much attention to all the comments and everything you say like Like I said, one of the first videos I did was Meep Girl and Toy Story and we did a lot of voices in that and we saw how much people loved having the voices and then I I think people have noticed that oh, we did a ton more of that stuff.",いつも伝わっているとは限らないけど、僕らはコメントやみんなの声をかなりしっかり見ているよ。,いつも伝わっているとは限らないけど、 / 僕らはコメントやみんなの声をかなりしっかり見ているよ。,,
1610,1:37:21,1:37:30,connector_gap_risk,So I think like do be vocal and say things you like and or don't like anything because like I promise after this no more P.,嫌いなことも、ちゃんと声に出してほしい、約束するけど、この後おしっこはもうない。,嫌いなことも、ちゃんと声に出してほしい、 / 約束するけど、この後おしっこはもうない。,,
1611,1:37:30,1:37:48,"connector_gap_risk,likely_undertranslated","Like that like we listen, but also whatever like more voices or more serialized content, whatever it is like we we listen and I scour Reddit like non-stop for good or for bad and uh and uh yeah, we we just want to do stuff that you enjoy and and this it's it's for you guys.",僕は良くも悪くもRedditをずっと掘っている。,僕は良くも悪くもRedditをずっと掘っている。,,
1628,1:38:20,1:38:30,likely_undertranslated,I keep referring that because the further away from the his title the the the worse the title gets like cuz it's people saying like I don't know.,その肩書きがどんどん悪くなるから、そう呼び続けているんだけど。,その肩書きがどんどん悪くなるから、そう呼び続けているんだけど。,,
1636,1:39:05,1:39:14,connector_gap_risk,"I think we'll touch on power creep a little bit, but I also think the fact that the We're going to go through it soon.",パワーインフレにも少し触れるけど、それについてはこの後すぐ話すよ。,パワーインフレにも少し触れるけど、それについてはこの後すぐ話すよ。,,
1646,1:39:41,1:39:53,"connector_gap_risk,likely_undertranslated","So, I just wanted to show really quickly um the Buffies win rates um when you have a Buffie versus when you don't have a Buffie because there's been a lot of talk about Buffie.",バフィーを持っている時と持っていない時の勝率を、さっと見せたい。,バフィーを持っている時と持っていない時の勝率を、さっと見せたい。,,
1648,1:39:58,1:40:08,"connector_gap_risk,likely_undertranslated","So, um in my mind, an acceptable win rate differential that a Buffie should have is somewhere between 5 to 10%.",だいたい5〜10％の間だと思っている。,だいたい5〜10％の間だと思っている。,,
1650,1:40:11,1:40:21,"connector_gap_risk,likely_undertranslated","And if we look at the absolute win rate, so that's the um right-hand side column, for example, if you have a Buffie and you're using Silver Bullet, your win rate on Colt is around 53%, right?",絶対勝率を見ると、右側の列では、バフィーとシルバーブレットを使うコルトの勝率は約53%だよ。,絶対勝率を見ると、右側の列では、バフィーとシルバーブレットを使うコルトの勝率は約53%だよ。,,
1660,1:41:01,1:41:14,"connector_gap_risk,likely_undertranslated","So, the ranges are not bad at all, but it it does mean that, of course, um stuff like Emz, which is strong in general, she has a really sporting a really high win rate both with and without the Buffie.",範囲自体は悪くないけど、たとえばEmzみたいに元から強いキャラは、バフィーありでもなしでも勝率が高い。,範囲自体は悪くないけど、たとえばEmzみたいに元から強いキャラは、バフィーありでもなしでも勝率が高い。,,
1661,1:41:14,1:41:21,connector_gap_risk,"And those are the When I talk about balancing outliers a lot of the time in the community, this is what I mean when I say outliers, right?",コミュニティで外れ値のバランスを話す時、自分が外れ値と言うのはこういう意味だよ。,コミュニティで外れ値のバランスを話す時、自分が外れ値と言うのはこういう意味だよ。,,
1662,1:41:21,1:41:28,"connector_gap_risk,likely_undertranslated","When you see something above 60% on the win rates, that's probably something we want to address ASAP.",できるだけ早く対処したいものだと思っていい。,できるだけ早く対処したいものだと思っていい。,,
1664,1:41:29,1:41:43,"connector_gap_risk,likely_undertranslated","This is just more, but this is for then the star powers, and you see a similar story here um where, you know, for example, Hype, which is considered um the strongest star power of all time with the Buffy, right?",これはスターパワー側の話で、たとえばバフィー込みで最強クラスと見られるHypeにも似た傾向がある。,これはスターパワー側の話で、たとえばバフィー込みで最強クラスと見られるHypeにも似た傾向がある。,,
1667,1:41:56,1:42:05,connector_gap_risk,"And I think this is interesting because perceptionally, I think, you know, you would believe that Emz is a much stronger brawler with the Hype star power.",体感では、Hypeスターパワーを持つEmzはかなり強いキャラに見えると思う。,体感では、Hypeスターパワーを持つEmzはかなり強いキャラに見えると思う。,,
1669,1:42:10,1:42:20,"connector_gap_risk,likely_undertranslated","And I think this is also a really big part of balancing a lot of the time where we know the absolute numbers of things, but that doesn't help if you feel differently.",バランス調整では、数字が分かっていても体感が違えばそれだけでは足りないことが多い。,バランス調整では、数字が分かっていても体感が違えばそれだけでは足りないことが多い。,,
1670,1:42:20,1:42:29,"connector_gap_risk,likely_undertranslated","And I think that's where we have to kind of marry these two things, like make sure the numbers are correct, but that it something also doesn't feel bad to play against.",数字を正しくしつつ、対戦していて嫌な感じもしないようにする必要がある。,数字を正しくしつつ、対戦していて嫌な感じもしないようにする必要がある。,,
1671,1:42:29,1:42:38,connector_gap_risk,"And I think that's where, for example, Hype, Emz's star power, fails because it's really frustrating shooting at something that's invulnerable, not getting any super charge, wasting your ammo.",そして、例えば、Emz のスターパワーである Hype が失敗するのはそこだと思うよ。,そして、例えば、Emz のスターパワーである Hype / が失敗するのはそこだと思うよ。,,
1672,1:42:38,1:42:48,connector_gap_risk,"Like, that feels much worse than a Mortis dashing a little bit more often and getting a damage reduction for it, even though they're equally strong, like as per data.",モーティスが少し多めにダッシュして、その分ダメージ軽減を得るよりも、ずっと嫌に感じる。,モーティスが少し多めにダッシュして、 / その分ダメージ軽減を得るよりも、ずっと嫌に感じる。,,
1682,1:43:17,1:43:21,connector_gap_risk,"Emz, of course, being super strong, the other ones not really having that much delta, either.",エムズはもちろんすごく強いけど,エムズはもちろんすごく強いけど,,
1690,1:43:39,1:43:48,connector_gap_risk,Of course everyone's will have a little bit higher than 50% win rates but nothing as egregious again as we had with Leon and Lori or release and Rosa or anything like that.,全体的に勝率は少し50%を超えるけど、レオンやラリー＆ローリー、実装時ローサほどひどくはない。,全体的に勝率は少し50%を超えるけど、 / レオンやラリー＆ローリー、実装時ローサほどひどくはない。,,
1704,1:44:44,1:44:50,likely_undertranslated,Grom sitting at a similar win rate as Emz by the way just not being played as much.,そこまで使われてはいない。,そこまで使われてはいない。,,
1706,1:44:54,1:45:06,"connector_gap_risk,likely_undertranslated",I just wanted to show you because when we speak about the meta and when we speak about these things I think it's the reality might differ very much from perception and I just want to kind of draw a parallel between these two.,現実は印象とかなり違うことがあるということを見せたかった。,現実は印象とかなり違うことがあるということを見せたかった。,,
1716,1:45:42,1:45:49,"connector_gap_risk,likely_undertranslated","Um and even then, this is you know, I think this is a very good variety of brawlers.",それでも、これはかなり良い,それでも、これはかなり良い,,
1732,1:46:41,1:46:49,likely_undertranslated,And that's why you have basically all the small changes from all the Buffies essentially is what we think makes the biggest impact.,だから、すべてのバフィーに小さな変更がいくつもある。,だから、すべてのバフィーに小さな変更がいくつもある。,,
1741,1:47:15,1:47:17,connector_gap_risk,"So, I think I think yeah, I think this is super valid again.",これはまたかなり妥当な指摘だと思う。,これはまたかなり妥当な指摘だと思う。,,
1745,1:47:31,1:47:37,"connector_gap_risk,likely_undertranslated","Unfortunately, of course, that also coincides with the winter break for a lot of us within the team, and there's nothing we can really do about that.",残念ながら、それはチームの多くにとって冬休みの時期とも重なる。,残念ながら、それはチームの多くにとって冬休みの時期とも重なる。,,
1749,1:47:49,1:47:59,connector_gap_risk,And that's what we tried to kind of achieve is make sure that the initial balance is good enough that we don't have to do any emergency maintenances or anything during the holiday period.,手段、それが僕らが達成しようとしたことで、初期バランスが十分に良好であることを確認して。,手段、それが僕らが達成しようとしたことで、初期バランスが十分に良好であることを確認して。,,
1750,1:47:59,1:48:06,"connector_gap_risk,likely_undertranslated","And then we can basically um edit them as we come back from the holy period, which is actually when this is being filmed.",そして休暇期間から戻ったら調整できる。,そして休暇期間から戻ったら調整できる。,,
1755,1:48:14,1:48:24,connector_gap_risk,"But uh yeah, the Yeah, and to add to that, like the timing of world finals definitely matters, but I think even more was that um players were running out of a meaningful progression goal.",世界大会の時期も大事だけど、それ以上に意味のある育成目標が尽きていたことが大きかったと思う。,世界大会の時期も大事だけど、 / それ以上に意味のある育成目標が尽きていたことが大きかったと思う。,,
1760,1:48:29,1:48:30,connector_gap_risk,"So, we needed to get it out, yeah.",だから出す必要があった。,だから出す必要があった。,,
1763,1:48:31,1:48:40,connector_gap_risk,"And in a way, like although the Stranger Things event was a relative success, it would have been way bigger If it was after.",比較的成功だったけど、もしその後だったらもっと大きくなっていたと思う。,比較的成功だったけど、もしその後だったらもっと大きくなっていたと思う。,,
1770,1:48:56,1:49:03,"connector_gap_risk,likely_undertranslated","And like for the players also, like we had the new daily wins, which is just like better for to play every day.",毎日遊ぶ体験は良くなった。,毎日遊ぶ体験は良くなった。,,
1777,1:49:13,1:49:22,connector_gap_risk,"But uh it it had like some um hype on the first weeks, but then like our numbers start going back to where they were before, right?",でも、最初の数週間はちょっと誇大宣伝みたいなものがあったけど、その後は,でも、最初の数週間はちょっと誇大宣伝みたいなものがあったけど、その後は,,
1788,1:49:54,1:49:56,connector_gap_risk,"Well, they can read and they can finish runs, right?",ランを完走できる。,ランを完走できる。,,
1790,1:49:58,1:50:08,likely_undertranslated,But actually like the the mainstream audience struggled in the mode and they actually dropped like pretty quickly after like a week cuz they just couldn't like get to the end of a run.,一般的な層はそのモードで苦戦して、1週間ほどでかなり早く離れてしまった。,一般的な層はそのモードで苦戦して、 / 1週間ほどでかなり早く離れてしまった。,,
1798,1:50:30,1:50:41,"connector_gap_risk,likely_undertranslated","So this is again one of the reasons we wanted to do Buffies in the way we want to do them, which is when we get to a brawler, we want to look at the entire kit and figure out can we rework something that doesn't make sense?",だからこそ、キャラに取り組む時はキット全体を見て、意味が薄い部分をリワークできるか考えたいんだ。,だからこそ、キャラに取り組む時はキット全体を見て、 / 意味が薄い部分をリワークできるか考えたいんだ。,,
1810,1:51:21,1:51:30,connector_gap_risk,"Yeah, I think I think that's fair and I I think I think it's just about managing the power level of a brawler with Buffies versus one that doesn't have Buffies.",バフィーがあるキャラとないキャラのパワーレベルをどう管理するか、という話だと思う。,バフィーがあるキャラとないキャラのパワーレベルをどう管理するか、 / という話だと思う。,,
1813,1:51:42,1:51:52,connector_gap_risk,But as we keep making Buffies I think it will be much easier to kind of hit a sweeter spot and also a spot that is not too different from the existing roster.,でも作り続けていけば、ちょうどいい強さや既存キャラとの差が小さい位置を狙いやすくなると思う。,でも作り続けていけば、ちょうどいい強さや既存キャラとの差が小さい位置を狙いやすくなると思う。,,
1814,1:51:52,1:52:02,connector_gap_risk,"For example, right now yes, the Buffies are strong but there's plenty of brawlers that can compete with the buffied brawlers and that's the place we want to be essentially.",今も確かにバフィーは強いけど、バフィー持ちのキャラと戦えるキャラはたくさんいる。,今も確かにバフィーは強いけど、 / バフィー持ちのキャラと戦えるキャラはたくさんいる。,,
1822,1:52:22,1:52:44,"connector_gap_risk,likely_undertranslated","Um Hardcore players have felt neglected for the last year so uh with the update catering to new players, which is understandable for the most part as uh are there any uh future plans to make the game more grindy for the hardcore because everyone knows the core gameplay of Brawl is fantastic.",新規向けが多いのは理解できるけど、ハードコア向けにもっとやり込める予定はあるの？,新規向けが多いのは理解できるけど、 / ハードコア向けにもっとやり込める予定はあるの？,,
1838,1:53:30,1:53:47,"connector_gap_risk,likely_undertranslated","Um, it's something we of course could have done or like could consider to basically in release one of the items, but the problem there is that then you're basically shaking up the meta more and more and once you've learned a character, you have to relearn it every single time we release a piece of their Buffies.",もちろん1種類ずつ出すことも考えられるけど、そのたびにメタが揺れて、覚えたキャラを毎回また覚え直すことになる。,もちろん1種類ずつ出すことも考えられるけど、 / そのたびにメタが揺れて、覚えたキャラを毎回また覚え直すことになる。,,
1840,1:53:53,1:54:12,connector_gap_risk,"So, the cost for you as a player not only having those things, but also as an opponent, it's going to be too overwhelming to basically keep up with Okay, well, last update we released Emz hypercharge Buffies, but not the star power Buffies, so you know, it it's going to be non-palatable, I think.",使う側だけでなく対戦相手としても、前回はEmzのハイパーチャージバフィーだけ、今回はスターパワーバフィー、みたいに追うのはかなりしんどいと思う。,使う側だけでなく対戦相手としても、前回はEmzのハイパーチャージバフィーだけ、 / 今回はスターパワーバフィー、みたいに追うのはかなりしんどいと思う。,,
1845,1:54:19,1:54:33,"connector_gap_risk,likely_undertranslated","And I guess there's one other reason, which is like when you guys are redesigning the kit, I think it's better you do it holistically and as a whole and and and and then you can decide, ""Okay, we are doing this thing with the gadget and this thing with the star powers.""",もう1つの理由として、キットを作り直すときは全体として見た方がいい。,もう1つの理由として、キットを作り直すときは全体として見た方がいい。,,
1862,1:55:03,1:55:10,"connector_gap_risk,likely_undertranslated","But but uh, what One before that was amazing and it's everybody was so happy that the humble won the Yeah.",Humbleが勝ってすごく喜んでいたよね。,Humbleが勝ってすごく喜んでいたよね。,,
1891,1:56:12,1:56:20,connector_gap_risk,I think like everyone that joins has like their a different perspective and different POV and I think it's always meaningful.,それぞれ違う視点や見方を持っていて、いつも意味があると思う。,それぞれ違う視点や見方を持っていて、 / いつも意味があると思う。,,
1893,1:56:25,1:56:31,connector_gap_risk,"It was like someone who was really passionate about this one thing and then just just drive it through the end, right?",誰かが1つのことに強い情熱を持って、最後まで押し進めたものもある。,誰かが1つのことに強い情熱を持って、 / 最後まで押し進めたものもある。,,
1897,1:56:44,1:57:01,"connector_gap_risk,likely_undertranslated",But like I guess like for for the team growth like with many more members I think like we have a lot to learn cuz like we were a small team and I I when Brawl like had the super crazy growth we we were all aligned and it was like a small room.,僕たちは学ぶことがたくさんあると思う、以前は小さなチームだった。,僕たちは学ぶことがたくさんあると思う、 / 以前は小さなチームだった。,,
1901,1:57:10,1:57:27,"connector_gap_risk,likely_undertranslated","And I think like now we are learning like doing this podcast like bringing different people to communicate to align better, but I think the 2025 could have been an year that is a bit wonky because there was like a lot of different perspectives on what is the better best for the game, right?",より良く連携し、コミュニケーションすることを学んでいる、2025年は少し。,より良く連携し、コミュニケーションすることを学んでいる、 / 2025年は少し。,,
1911,1:57:44,1:58:01,"connector_gap_risk,likely_undertranslated","Definitely for me like the biggest change in in the feel for for for the better would be that yeah, like when we were so small, we had to take so many decisions in terms of okay, what are we doing in this update?",小さいチームだった頃は、このアップデートで何をするかを何度も決めなければならなかった。,小さいチームだった頃は、このアップデートで何をするかを何度も決めなければならなかった。,,
1913,1:58:06,1:58:21,"connector_gap_risk,likely_undertranslated","Um and now despite we our ambitious ambition keeps on growing, I do feel like we are able to to tackle more things that we actually are willing to do like just because we have more people to to work on them.",野心はどんどん大きくなっているけど、人が増えた分、本当にやりたいことに取り組めるようになっている。,野心はどんどん大きくなっているけど、 / 人が増えた分、本当にやりたいことに取り組めるようになっている。,,
1932,1:59:27,1:59:45,"connector_gap_risk,likely_undertranslated","There have been breaks in the past to fix brothers mechanics or small bugs, in your UI or effects in of minor things in the game, while major bugs, like the current vision one, are ignored, which results in players uh what Uh what results in players just hop- uh hoping for a fix?",UI の仕組みや小さなバグ、ゲーム内の小さなもののエフェクト、そして現在のような大きなバグ,UI の仕組みや小さなバグ、ゲーム内の小さなもののエフェクト、 / そして現在のような大きなバグ,,
1936,1:59:53,2:00:01,connector_gap_risk,"So, um the boring answer is when a bug happens, sometimes one is finding it.",退屈な答えをすると、バグが起きたとき、まず,退屈な答えをすると、バグが起きたとき、まず,,
1945,2:00:26,2:00:33,"connector_gap_risk,likely_undertranslated","And then, to make the call on should we have a maintenance or not for a bug, that is basically if something is completely game-breaking.",それから、そのバグのためにメンテをするかどうかを判断する。,それから、そのバグのためにメンテをするかどうかを判断する。,,
1952,2:00:50,2:01:01,"connector_gap_risk,likely_undertranslated","Um And yeah, I mean, when it comes to stuff like brawler mechanics, I think the times we want to make fixes is for example when it breaks the server completely, right?",キャラのメカニクスを直すのは、たとえばサーバーが完全に壊れるような時だね。,キャラのメカニクスを直すのは、たとえばサーバーが完全に壊れるような時だね。,,
1967,2:01:57,2:02:09,connector_gap_risk,"So, um the Brawl Pass is like our uh biggest source of revenue and we, you know, if we're too uh careless with those resources, then it'll mean that less people want to buy the Brawl Pass, which is bad for everybody.",ブロスタパスは僕たちにとって一番大きな収益源だから、こうしたリソースを雑に配りすぎると、ブロスタパスを買いたい人が減ってしまう。,ブロスタパスは僕たちにとって一番大きな収益源 / だから、こうしたリソースを雑に配りすぎると、ブロスタパスを買いたい人が減ってしまう。,,
1983,2:02:55,2:03:01,connector_gap_risk,"So, I'd love to see if you guys have anything store in the store for this year.",今年何か用意しているのか見てみたいだよ。,今年何か用意しているのか見てみたいだよ。,,
2017,2:03:42,2:03:46,"connector_gap_risk,likely_undertranslated","It has become a little bit more niche, but still like you know, the funnel is is doing okay.",それでも導線としては悪くない。,それでも導線としては悪くない。,,
2018,2:03:46,2:04:01,"connector_gap_risk,likely_undertranslated","Um but when you do that, like things like the the ranked reset, um they there's a tension between what the mainstream audience wants, which is like progression, and what the absolute hardcore pros want, which is like competitive integrity, right?",ランクのリセットには、育成を求める一般層と競技性を求める上級者層の間で tension があるんだ。,ランクのリセットには、育成を求める一般層と競技性を求める上級者層の間で tension があるんだ。,,
2033,2:04:45,2:04:52,connector_gap_risk,"What is harder to do, coding all the gameplay features or to come up with the idea on how players should obtain these and then use them in game?",難しいのは、機能を全部コーディングすること？それとも入手方法や使い方を考えること？,難しいのは、機能を全部コーディングすること？ / それとも入手方法や使い方を考えること？,,
2041,2:05:12,2:05:24,connector_gap_risk,"But, yeah, I guess like I have explained this recently in a few places because it's also interesting for other professionals like to learn how we actually develop the features or the events in the game.",最近いくつかの場所で説明したけど、機能やイベントをどう作っているのかは開発者にとっても面白い話なんだ。,最近いくつかの場所で説明したけど、 / 機能やイベントをどう作っているのかは開発者にとっても面白い話なんだ。,,
2043,2:05:42,2:05:51,connector_gap_risk,Uh this is maybe the the metrics that we would like to impact or the the part of the experience that we feel is is is in more need of a revision.,そこは、僕らが動かしたい指標や、見直しが必要だと感じている体験の部分かもしれない。,そこは、僕らが動かしたい指標や、見直しが必要だと感じている体験の部分かもしれない。,,
2047,2:06:08,2:06:14,connector_gap_risk,And and then little by little we are like uh concreting that that plan.,そして少しずつその計画を具体化していく。,そして少しずつその計画を具体化していく。,,
2048,2:06:14,2:06:39,"connector_gap_risk,likely_undertranslated","That's mostly when when my role comes in maybe because uh it's it's my role to to also help to to distill those ideas and and and create some mock-ups like to to make it easier for everyone to imagine how would it look or how would it feel uh in game when we actually do that new event or not that new feature uh together with uh like the game designers to see like hey, this is going in the right direction.",また、それらのアイデアを抽出したり、作成するようなモックアップを作成したりするのにも役立ちるよ。,また、それらのアイデアを抽出したり、 / 作成するようなモックアップを作成したりするのにも役立ちるよ。,,
2049,2:06:39,2:06:53,"connector_gap_risk,likely_undertranslated","Also talking uh with other very needed people like, okay, uh can this actually be coded uh in a not in not without a such a big effort or with a relative uh effort?",必要な人たちとも話して、これは現実的な労力で実装できるのか確認する。,必要な人たちとも話して、これは現実的な労力で実装できるのか確認する。,,
2052,2:07:05,2:07:13,likely_undertranslated,Like freeze mean like the deadline that we have to to actually deliver what we're planning to to release next.,フリーズというのは、次にリリースする予定のものを,フリーズというのは、次にリリースする予定のものを,,
2053,2:07:13,2:07:23,"connector_gap_risk,likely_undertranslated","And then uh after those mock-ups have been shared and and we have reviewed them also as a team and we have seen again, this looks like it could work.",そして、それらのモックアップが共有された後、僕らはそれらをレビューしたよ。,そして、それらのモックアップが共有された後、 / 僕らはそれらをレビューしたよ。,,
2055,2:07:25,2:07:41,"connector_gap_risk,likely_undertranslated",Uh when we have something that we are all feeling good with is when we start to actually develop it like both like implementation-wise like putting the the actual assets inside the game and creating the code that is going to handle those assets and that logic.,みんなが良いと思える形になったら、実際にアセットを入れてコードを書き、開発に入るんだ。,みんなが良いと思える形になったら、 / 実際にアセットを入れてコードを書き、開発に入るんだ。,,
2056,2:07:41,2:08:07,"connector_gap_risk,likely_undertranslated",And and then is when maybe the the other big part happens which is like the the playtesting that I think is something we do great as a team and we have like these recurring playtesting uh sessions where we just look at each other's uh work and try to give candid uh feedback uh with the aim to to to release the best version of this as possible.,僕らはチームとして素晴らしいことを考えており、このようなことを繰り返しているよ。,僕らはチームとして素晴らしいことを考えており、 / このようなことを繰り返しているよ。,,
2059,2:08:11,2:08:26,"connector_gap_risk,likely_undertranslated","And then of course, once we have released something, if it's something that we can touch later on like with a new version of it, is when we like community help us a lot like understanding like how it is is this thing actually working.",リリース後に触れるものなら、コミュニティの声が実際に機能しているかを理解する助けになる。,リリース後に触れるものなら、 / コミュニティの声が実際に機能しているかを理解する助けになる。,,
2060,2:08:26,2:08:29,connector_gap_risk,"And and yeah, I would say that's more or less Yeah, very comprehensive.",大まかにはそんな感じだね。,大まかにはそんな感じだね。,,
2062,2:08:31,2:08:40,connector_gap_risk,"I think like also like uh for example maybe like of course not the hardest, but like it's funny to think like for example when you have a collab with Stranger Things.",ああ、例えば、もちろん難しいことではないかもしれないけど、こう考えるのは面白いと思う,ああ、例えば、もちろん難しいことではないかもしれないけど、 / こう考えるのは面白いと思う,,
2063,2:08:40,2:08:50,"connector_gap_risk,likely_undertranslated","We have like uh here's like the billion ideas we can do and then maybe the hardest is prioritizing which one is actually the the one that Yeah, that that that actually is is the thing that I had in mind.",できるアイデアは山ほどあるから、一番難しいのは何を優先するかを決めることかもしれない。,できるアイデアは山ほどあるから、 / 一番難しいのは何を優先するかを決めることかもしれない。,,
2065,2:08:51,2:09:03,connector_gap_risk,"Like yeah, when we can decide when to launch something is is way nicer in a way that okay, like then we okay, this is looking good, but maybe not as good to be released.",出す時期を自分たちで決められる時は、「良いけど、まだ出すほどじゃない」と判断できるからやりやすい。,出す時期を自分たちで決められる時は、「良いけど、まだ出すほどじゃない」と判断できるからやりやすい。,,
2067,2:09:06,2:09:19,"connector_gap_risk,likely_undertranslated","But then yeah, there's like let's say yeah, we want to do something big for Christmas or for Golden Week in May or yeah, we have a deal with this new collab brand that we are working with.",たとえばクリスマスや5月のゴールデンウィークに大きなことをやりたい、みたいな話がある。,たとえばクリスマスや5月のゴールデンウィークに大きなことをやりたい、 / みたいな話がある。,,
2068,2:09:19,2:09:26,"connector_gap_risk,likely_undertranslated","So yeah, for example like yeah, Stranger Things like we wanted to go together with the release of the last season.",最終シーズンの公開に合わせたかった。,最終シーズンの公開に合わせたかった。,,
2077,2:09:51,2:10:05,"connector_gap_risk,likely_undertranslated","So that makes sure that like maybe we would, you know, in a theoretical world we'd love to just go all in on this, but actually the way to get the best results is to make sure that we are leveraging everybody as effectively as possible and that's like a really complex puzzle to put together.",実際に一番良い結果を出すには、全員をできるだけ効果的に活かす必要がある。,実際に一番良い結果を出すには、全員をできるだけ効果的に活かす必要がある。,,
2080,2:10:14,2:10:21,connector_gap_risk,We've got to a point where brawler rarities barely make sense as there is so few rares and so many higher rarities.,キャラのレアリティがあまり意味を持たなくなっている気がするよ。,キャラのレアリティがあまり意味を持たなくなっている気がするよ。,,
2081,2:10:21,2:10:30,connector_gap_risk,"Uh I understand why is that, but I feel like it would work if we just sort the brawlers into two categories, beginner-friendly and advanced.",理由は分かるけど、キャラを初心者向けと上級者向けに分ければうまくいく気もする。,理由は分かるけど、キャラを初心者向けと上級者向けに分ければうまくいく気もする。,,
2083,2:10:33,2:10:42,likely_undertranslated,This is just one part of progression that I feel like it could be made much simpler and therefore easier to understand as well as giving the players more freedom.,もっとシンプルで分かりやすくなり、プレイヤーの自由度も増すと思うよ。,もっとシンプルで分かりやすくなり、プレイヤーの自由度も増すと思うよ。,,
2092,2:11:16,2:11:22,"connector_gap_risk,likely_undertranslated","And there are people on the team that would like, for instance, love to get rid of rarities of brawlers entirely.",なくしたいと思っている人もいる。,なくしたいと思っている人もいる。,,
2100,2:11:48,2:11:53,connector_gap_risk,"So like legendary brawlers are generally more complex than uh, epics or or rares.",レジェンドのキャラは一般的に,レジェンドのキャラは一般的に,,
2102,2:11:56,2:12:02,"connector_gap_risk,likely_undertranslated","So personally, I wouldn't fight for it, um, but I I do think that, you know, it's a complicated topic.",複雑なテーマだとは思う。,複雑なテーマだとは思う。,,
2113,2:12:27,2:12:42,"connector_gap_risk,likely_undertranslated","Like, this is just one example, but it's it's back to the point of we need to be really careful when we mess with existing things people have and the existing things people enjoy because we can also sometimes we miss the mark and we do something worse and that's not where we want to be.",人々がすでに持っていて楽しんでいるものをいじるときは、本当に慎重になる必要がある。,人々がすでに持っていて楽しんでいるものをいじるときは、本当に慎重になる必要がある。,,
2116,2:12:50,2:13:01,"connector_gap_risk,likely_undertranslated","Like, our game is 7 years old now and then uh like with removal of mastery like when you tell a community manager, ""Hey, you have to remove that feature that the players like.""",ブロスタはもう7年続いているゲームだから、マスタリー削除の時みたいな問題が出てくる。,ブロスタはもう7年続いているゲーム / だから、マスタリー削除の時みたいな問題が出てくる。,,
2126,2:13:26,2:13:31,likely_undertranslated,"Yeah, like it kind of makes sense on paper because like it's kind of kind of have the same meaning.",意味としては似ている部分があるからね。,意味としては似ている部分があるからね。,,
2128,2:13:39,2:13:44,connector_gap_risk,"Like, and besides like the restructuring the whole economy which it might be really tough.",かなり大変になる可能性がある。,かなり大変になる可能性がある。,,
2129,2:13:44,2:13:53,connector_gap_risk,"So, I think it's uh because of like this game exists for so many years, there's a lot of like legacy issues that like just changing is not as easy as it sound on paper.",つまりこのゲームは何年も前から存在しており、レガシーな問題がたくさんあるためだと思うよ。,つまりこのゲームは何年も前から存在しており、 / レガシーな問題がたくさんあるためだと思うよ。,,
2136,2:14:04,2:14:16,"connector_gap_risk,likely_undertranslated","Yeah, like Adrian was giving this example about Spike and actually like recently like uh like uh, we were talking with an agency that like trying to um help us to improve our brand identity.",そう、エイドリアンがスパイクについてこの例をあげていたように、実際最近もそうだよ。,そう、エイドリアンがスパイクについてこの例をあげていたように、実際最近もそうだよ。,,
2140,2:14:32,2:14:40,"connector_gap_risk,likely_undertranslated","It's like, yeah, of course, like, in in an ideal world where, yeah, maybe we could travel back in time, like you did in one Brawl Talk.",そういう変更もできたかもしれない。,そういう変更もできたかもしれない。,,
2142,2:14:41,2:14:44,connector_gap_risk,"And we would do that change, but yeah, we cannot do it now.",でも今それをやることはできない。,でも今それをやることはできない。,,
2155,2:15:10,2:15:16,connector_gap_risk,"Like, we don't have anything listed down, but I think it was an interesting experience where like the event was revolved around a brawler.",イベントが1体のキャラを中心に回るというのは面白い体験だったと思う。,イベントが1体のキャラを中心に回るというのは面白い体験だったと思う。,,
2157,2:15:16,2:15:20,connector_gap_risk,"Um, but yeah, for now we don't have any plan.",ただ、今のところ予定はないよ。,ただ、今のところ予定はないよ。,,
2166,2:15:47,2:15:54,connector_gap_risk,"I think a lot of the things we do is like how much effort we put to what uh, how much performance or how much results we get, right?",精算、僕らがやっていることの多くは、どれだけの努力をするかということだと思うよ。,精算、僕らがやっていることの多くは、どれだけの努力をするかということだと思うよ。,,
2168,2:16:00,2:16:15,"connector_gap_risk,likely_undertranslated","And it was just like, uh, another layer of work that you have on on top of everything because you have to look up for the nominees like and then it has like it's a word no wait almost like a rep event so like you have to look from the whole year.",それは、まるで、上を向かなければならないので、すべての上にさらに別の仕事の層があるようなものでした,それは、まるで、上を向かなければならないので、すべての上にさらに別の仕事の層があるようなものでした,,
2171,2:16:16,2:16:28,connector_gap_risk,Uh there is the fun video which is like very costly and then when we release people think like ah this Brawl Talk is weird so like it's we don't get this return of investment back right?,楽しい動画はかなりコストが高くて、出しても『このBrawl Talk変だな』と思われると投資が戻りにくい。,楽しい動画はかなりコストが高くて、 / 出しても『この変だな』と思われると投資が戻りにくい。,,
2176,2:16:50,2:17:01,connector_gap_risk,That I intend to come back actually because like the studio is different like these things like the Spike Mike is a new thing so I didn't do it for one off thing right?,これはまた戻すつもりだよ。スタジオも違うし、Spike Mikeみたいな新しいものもあるからね。,これはまた戻すつもりだよ。 / スタジオも違うし、Spike Mikeみたいな新しいものもあるからね。,,
2202,2:18:32,2:18:40,"connector_gap_risk,likely_undertranslated","Uh yeah, I synced with him on this and he thinks that the problem is going to be basically like gone for the vast majority of players by summer, hopefully, if everything goes well.",大多数のプレイヤーにとって問題はほぼなくなるはずだと言っていた。,大多数のプレイヤーにとって問題はほぼなくなるはずだと言っていた。,,
2224,2:19:56,2:20:09,"connector_gap_risk,likely_undertranslated","Like, that was like serialized um we had content that had story that was actually tied to gameplay and we all loved making that and it also landed really well with with the community and also like with the game performance in general.",僕たちは作るのが大好きだったし、コミュニティにもかなり良く受け入れられた。,僕たちは作るのが大好きだったし、 / コミュニティにもかなり良く受け入れられた。,,
2231,2:20:30,2:20:39,"connector_gap_risk,likely_undertranslated","Maybe the story mode is like it's not the RPG mode, maybe not because there's a lot of content that's consumed in a day and then it doesn't pay off.",1日で消費されてしまうコンテンツが多く、見返りが合わないからね。,1日で消費されてしまうコンテンツが多く、 / 見返りが合わないからね。,,
2241,2:21:14,2:21:31,"connector_gap_risk,likely_undertranslated","Uh but I know that uh we are talking to like our our uh security team and there's like a multitude of actions that is being taken and I won't give more information because the more I give, the worse for us because pretty much is like this cat and chase uh uh mouse, no.",複数の対応が進んでいる、ただ、これ以上の情報は出さない。,複数の対応が進んでいる、 / ただ、これ以上の情報は出さない。,,
2250,2:21:51,2:22:14,"connector_gap_risk,likely_undertranslated",I would say that one small feature that we added last year has at least from my player experience helped me a lot which is the favorite favorite brawlers like I'm so glad that our producer pushed to get that small feature done in a certain update that we were pretty busy but he thought okay I I think it's actually doable.,去年追加したお気に入りキャラ機能は、少なくとも自分の体験ではかなり助かっている。,去年追加したお気に入りキャラ機能は、少なくとも自分の体験ではかなり助かっている。,,
2252,2:22:14,2:22:22,likely_undertranslated,He even did the mock-ups like like good mock-ups so it was an easy one to to do.,実装しやすかった。,実装しやすかった。,,
2253,2:22:22,2:22:28,connector_gap_risk,And I know it's not ideal but in a way I guess it shows that Yeah.,理想ではないのは分かっているけど、ある意味では,理想ではないのは分かっているけど、ある意味では,,
2256,2:22:35,2:22:43,likely_undertranslated,I think this idea comes up we have this brawl ideas channel at work it's called and and I think this comes up at least maybe like every two months.,たぶん2か月に1回くらい出てくる。,たぶん2か月に1回くらい出てくる。,,
2299,2:24:29,2:24:36,connector_gap_risk,"And if you don't plan to bring this uh to the uh base game, do you at least intend to do more events like these in the future?",基本ゲームに入れる予定がないなら、今後もこういうイベントをもっとやるつもりはあるの？,基本ゲームに入れる予定がないなら、 / 今後もこういうイベントをもっとやるつもりはあるの？,,
2304,2:24:44,2:24:53,likely_undertranslated,I don't think the trophy road would necessarily be the best like distribution method because um it wouldn't be like very eventful.,あまりイベント感が出ないと思う。,あまりイベント感が出ないと思う。,,
2309,2:25:03,2:25:06,connector_gap_risk,"And then uh Adam that was sitting here, he saw [clears throat]",[咳払い],[咳払い],,
2323,2:26:02,2:26:08,"connector_gap_risk,likely_undertranslated","I mean, we have like Ziggy, who's kind of like electrical, and we have Amber, who's kind of fire.",ジギーは電気っぽいし、アンバーは火っぽい。,ジギーは電気っぽいし、アンバーは火っぽい。,,
2341,2:26:55,2:26:57,connector_gap_risk,"Well, I mean, if you play one game a day, then [laughter]",（笑）,（笑）,,
2360,2:28:10,2:28:14,connector_gap_risk,"Yeah, if you're like a like a real pro, like this is like your job, Yeah.",本当のプロで、それが仕事なら話は別だね。,本当のプロで、それが仕事なら話は別だね。,,
2363,2:28:20,2:28:27,connector_gap_risk,"I also think Semantec, specifically, I think was free-to-play until like Oh, did he play Brawl Stars for free?",それにSemantecは、たしかかなり長い間無課金だったと思う。,それにSemantecは、たしかかなり長い間無課金だったと思う。,,
2368,2:28:32,2:28:35,connector_gap_risk,"Of course, he's a flyer, but anyway, it can be done.",だから1円も使わなくても競えるよ。,だから1円も使わなくても競えるよ。,,
2378,2:29:05,2:29:11,"connector_gap_risk,likely_undertranslated","But, also like it it there's like this um idea of like, ""Uh is that isn't that enough for you?""",「それで十分じゃないの、」という考えもあるけど。,「それで十分じゃないの、」という考えもあるけど。,,
2380,2:29:20,2:29:28,connector_gap_risk,"And it's pretty much like even though like the mobile market keeps growing, people keep getting uh players from each other, right?",モバイル市場が伸びていても、プレイヤーの取り合いはずっと起きている。,モバイル市場が伸びていても、プレイヤーの取り合いはずっと起きている。,,
2384,2:29:36,2:29:43,connector_gap_risk,"But um I think the best way to kind of illustrate this, at least in my mind, like whenever we talk about anything within the game team.",これを説明する一番分かりやすい方法は、チーム内で何かを話す時の考え方だと思う。,これを説明する一番分かりやすい方法は、チーム内で何かを話す時の考え方だと思う。,,
2390,2:29:59,2:30:06,"connector_gap_risk,likely_undertranslated","Like and you you know, again, you can believe me or not, I can tell you for a fact that that is not a conversation we're having when we're trying to make stuff.",ものを作ろうとしているときに、そういう会話はしていないと断言できる。,ものを作ろうとしているときに、そういう会話はしていないと断言できる。,,
2421,2:31:56,2:32:00,connector_gap_risk,Bow would be the bachelor and then you can vote for the brother that would kiss Bow.,ボウが主役で、どのキャラがボウにキスするかを選べた。,ボウが主役で、どのキャラがボウにキスするかを選べた。,,
2438,2:32:59,2:33:08,connector_gap_risk,I think this is again one of the things we want to deal with when we feel like we have some time to spend on it because we have some cool ideas and I think a lot of people in the team feel strongly about it as well.,これも、時間をしっかり使える時に取り組みたいテーマのひとつだよ。面白いアイデアがあるし、チーム内でも強く考えている人が多いんだ。,これも、時間をしっかり使える時に取り組みたいテーマのひとつだよ。 / 面白いアイデアがあるし、チーム内でも強く考えている人が多いんだ。,,
2463,2:35:01,2:35:10,connector_gap_risk,What do what will I benefit from players who have 30 or 20k cups and always choose Edgar every time and I lose because of them.,3万や2万トロフィーで毎回エドガーを選ぶ味方がいて負けるのは、何の得があるの？,3万や2万トロフィーで毎回エドガーを選ぶ味方がいて負けるのは、何の得があるの？,,
2511,2:37:37,2:37:47,connector_gap_risk,"So like for example if we sell um let's say the Brawl Pass for 10 bucks to 10 players, we get 100 bucks, right?",たとえばブロスタパスを10ドルで10人に売れば、100ドルになるよね。,たとえばブロスタパスを10ドルで10人に売れば、 / 100ドルになるよね。,,
2519,2:38:31,2:38:37,"connector_gap_risk,likely_undertranslated","So we have to test it out and like there was a price change in the Brawl Pass that was the time to do it, right?",ブロスタパスの価格変更は、それを試すタイミングだった。,ブロスタパスの価格変更は、それを試すタイミングだった。,,
2523,2:38:56,2:39:05,connector_gap_risk,Um and then last the last question I picked this one for last because I think you can be very short and hint what's coming next.,えー、それでは最後の質問だよ、これを最後に選んだのは、次のように思うからだよ。,えー、それでは最後の質問だよ、これを最後に選んだのは、次のように思うからだよ。,,
